/*
MySQL Data Transfer
Source Host: localhost
Source Database: prea
Target Host: localhost
Target Database: prea
Date: 17-Sep-21 5:34:24 PM
*/


create database prea;

use prea;


SET FOREIGN_KEY_CHECKS=0;
-- ----------------------------
-- Table structure for attacker
-- ----------------------------
DROP TABLE IF EXISTS `attacker`;
CREATE TABLE `attacker` (
  `id` int(11) NOT NULL auto_increment,
  `user` text,
  `fname` text,
  `sk` text,
  `type` text,
  `dt` text,
  PRIMARY KEY  (`id`)
) ENGINE=InnoDB DEFAULT CHARSET=latin1;

-- ----------------------------
-- Table structure for cloudserver
-- ----------------------------
DROP TABLE IF EXISTS `cloudserver`;
CREATE TABLE `cloudserver` (
  `id` int(11) NOT NULL auto_increment,
  `ownername` text,
  `fname` text,
  `ct` text,
  `mac` text,
  `sk` text,
  `rank` text,
  `dt` text,
  PRIMARY KEY  (`id`)
) ENGINE=InnoDB DEFAULT CHARSET=latin1;

-- ----------------------------
-- Table structure for dataowner
-- ----------------------------
DROP TABLE IF EXISTS `dataowner`;
CREATE TABLE `dataowner` (
  `id` int(11) NOT NULL auto_increment,
  `ownername` text,
  `fname` text,
  `ct` text,
  `mac` text,
  `sk` text,
  `rank` text,
  `dt` text,
  PRIMARY KEY  (`id`)
) ENGINE=InnoDB DEFAULT CHARSET=latin1;

-- ----------------------------
-- Table structure for kgc
-- ----------------------------
DROP TABLE IF EXISTS `kgc`;
CREATE TABLE `kgc` (
  `username` text,
  `password` text
) ENGINE=InnoDB DEFAULT CHARSET=latin1;

-- ----------------------------
-- Table structure for owner
-- ----------------------------
DROP TABLE IF EXISTS `owner`;
CREATE TABLE `owner` (
  `id` int(11) NOT NULL auto_increment,
  `name` text,
  `pass` text,
  `email` text,
  `mobile` text,
  `addr` text,
  `dob` text,
  `gender` text,
  `pin` text,
  `location` text,
  `imagess` longblob,
  `status` text,
  PRIMARY KEY  (`id`)
) ENGINE=InnoDB DEFAULT CHARSET=latin1;

-- ----------------------------
-- Table structure for pcs
-- ----------------------------
DROP TABLE IF EXISTS `pcs`;
CREATE TABLE `pcs` (
  `username` text,
  `password` text
) ENGINE=InnoDB DEFAULT CHARSET=latin1;

-- ----------------------------
-- Table structure for proxy
-- ----------------------------
DROP TABLE IF EXISTS `proxy`;
CREATE TABLE `proxy` (
  `username` text,
  `password` text
) ENGINE=InnoDB DEFAULT CHARSET=latin1;

-- ----------------------------
-- Table structure for proxy_pkc
-- ----------------------------
DROP TABLE IF EXISTS `proxy_pkc`;
CREATE TABLE `proxy_pkc` (
  `id` int(11) NOT NULL auto_increment,
  `ownername` text,
  `fname` text,
  `auth` text,
  PRIMARY KEY  (`id`)
) ENGINE=InnoDB DEFAULT CHARSET=latin1;

-- ----------------------------
-- Table structure for results
-- ----------------------------
DROP TABLE IF EXISTS `results`;
CREATE TABLE `results` (
  `fname` text,
  `tdelay` text,
  `tpt` text
) ENGINE=InnoDB DEFAULT CHARSET=latin1;

-- ----------------------------
-- Table structure for transaction
-- ----------------------------
DROP TABLE IF EXISTS `transaction`;
CREATE TABLE `transaction` (
  `id` int(11) NOT NULL auto_increment,
  `user` text,
  `fname` text,
  `sk` text,
  `task` text,
  `dt` text,
  PRIMARY KEY  (`id`)
) ENGINE=InnoDB DEFAULT CHARSET=latin1;

-- ----------------------------
-- Table structure for user
-- ----------------------------
DROP TABLE IF EXISTS `user`;
CREATE TABLE `user` (
  `id` int(11) NOT NULL auto_increment,
  `name` text,
  `pass` text,
  `email` text,
  `mobile` text,
  `addr` text,
  `dob` text,
  `gender` text,
  `pin` text,
  `location` text,
  `imagess` longblob,
  `status` text,
  PRIMARY KEY  (`id`)
) ENGINE=InnoDB DEFAULT CHARSET=latin1;

-- ----------------------------
-- Records 
-- ----------------------------
INSERT INTO `attacker` VALUES ('1', 'Hacker', 'EBanking.txt', '[B@ece36', 'Malicious Data Attack', '17/09/2021   17:33:09');
INSERT INTO `cloudserver` VALUES ('1', 'Venkatesh', 'Ecommerce.txt', 'RS1jb21tZXJjZSBpcyBhIHRyYW5zYWN0aW9uIG9mIGJ1eWluZyBvciBzZWxsaW5nIG9ubGluZS4gRWxlY3Ryb25pYyBjb21tZXJjZSBkcmF3cyBvbiB0ZWNobm9sb2dpZXMgc3VjaCBhcyBtb2JpbGUgY29tbWVyY2UsIGVsZWN0cm9uaWMgZnVuZHMgdHJhbnNmZXIsIHN1cHBseSBjaGFpbiBtYW5hZ2VtZW50LCBJbnRlcm5ldCBtYXJrZXRpbmcsIG9ubGluZSB0cmFuc2FjdGlvbiBwcm9jZXNzaW5nLCBlbGVjdHJvbmljIGRhdGEgaW50ZXJjaGFuZ2UgKEVESSksIGludmVudG9yeSBtYW5hZ2VtZW50IHN5c3RlbXMsIGFuZCBhdXRvbWF0ZWQgZGF0YSBjb2xsZWN0aW9uIHN5c3RlbXMuIE1vZGVybiBlbGVjdHJvbmljIGNvbW1lcmNlIHR5cGljYWxseSB1c2VzIHRoZSBXb3JsZCBXaWRlIFdlYiBmb3IgYXQgbGVhc3Qgb25lIHBhcnQgb2YgdGhlIHRyYW5zYWN0aW9uJ3MgbGlmZSBjeWNsZSBhbHRob3VnaCBpdCBtYXkgYWxzbyB1c2Ugb3RoZXIgdGVjaG5vbG9naWVzIHN1Y2ggYXMgZS1tYWlsLiBUeXBpY2FsIGUtY29tbWVyY2UgdHJhbnNhY3Rpb25zIGluY2x1ZGUgdGhlIHB1cmNoYXNlIG9mIG9ubGluZSBib29rcyBzdWNoIGFzIEFtYXpvbiBhbmQgbXVzaWMgcHVyY2hhc2VzIG11c2ljIGRvd25sb2FkIGluIHRoZSBmb3JtIG9mIGRpZ2l0YWwgZGlzdHJpYnV0aW9uIHN1Y2ggYXMgaVR1bmVzIFN0b3JlLCBhbmQgdG8gYSBsZXNzIGV4dGVudCwgY3VzdG9taXplZC9wZXJzb25hbGl6ZWQgb25saW5lIGxpcXVvciBzdG9yZSBpbnZlbnRvcnkgc2VydmljZXM=', '323fc204bb04a0ef89d36a2d845b6c562f90f82', '[B@6bba64', '0', '17/09/2021   15:52:43');
INSERT INTO `cloudserver` VALUES ('2', 'Venkatesh', 'Android.txt', 'QW5kcm9pZCBpcyBhIG1vYmlsZSBvcGVyYXRpbmcgc3lzdGVtIGRldmVsb3BlZCBieSBHb29nbGUsIGJhc2VkIG9uIHRoZSBMaW51eCBrZXJuZWwgYW5kIGRlc2lnbmVkIHByaW1hcmlseSBmb3IgdG91Y2hzY3JlZW4gbW9iaWxlIGRldmljZXMgc3VjaCBhcyBzbWFydHBob25lcyBhbmQgdGFibGV0cy4gQW5kcm9pZCB1c2VyIGludGVyZmFjZSBpcyBtYWlubHkgYmFzZWQgb24gZGlyZWN0IG1hbmlwdWxhdGlvbiwgdXNpbmcgdG91Y2ggZ2VzdHVyZXMgdGhhdCBsb29zZWx5IGNvcnJlc3BvbmQgdG8gcmVhbC13b3JsZCBhY3Rpb25zLCBzdWNoIGFzIHN3aXBpbmcsIHRhcHBpbmcgYW5kIHBpbmNoaW5nLCB0byBtYW5pcHVsYXRlIG9uLXNjcmVlbiBvYmplY3RzLCBhbG9uZyB3aXRoIGEgdmlydHVhbCBrZXlib2FyZCBmb3IgdGV4dCBpbnB1dC4gSW4gYWRkaXRpb24gdG8gdG91Y2hzY3JlZW4gZGV2aWNlcywgR29vZ2xlIGhhcyBmdXJ0aGVyIGRldmVsb3BlZCBBbmRyb2lkIFRWIGZvciB0ZWxldmlzaW9ucywgQW5kcm9pZCBBdXRvIGZvciBjYXJzLCBhbmQgQW5kcm9pZCBXZWFyIGZvciB3cmlzdCB3YXRjaGVzLCBlYWNoIHdpdGggYSBzcGVjaWFsaXplZCB1c2VyIGludGVyZmFjZS4gVmFyaWFudHMgb2YgQW5kcm9pZCBhcmUgYWxzbyB1c2VkIG9uIGdhbWUgY29uc29sZXMsIGRpZ2l0YWwgY2FtZXJhcywgUENzIGFuZCBvdGhlciBlbGVjdHJvbmljcy4=', '902d177dba1deedd45dc411b9653401a566ec36', '[B@40d611', '1', '17/09/2021   15:53:29');
INSERT INTO `cloudserver` VALUES ('3', 'Venkatesh', 'Cloud.txt', 'Q2xvdWQgY29tcHV0aW5nIGlzIGFuIGluZm9ybWF0aW9uIHRlY2hub2xvZ3kgKElUKSBwYXJhZGlnbSB0aGF0IGVuYWJsZXMgdWJpcXVpdG91cyBhY2Nlc3MgdG8gc2hhcmVkIHBvb2xzIG9mIGNvbmZpZ3VyYWJsZSBzeXN0ZW0gcmVzb3VyY2VzIGFuZCBoaWdoZXItbGV2ZWwgc2VydmljZXMgdGhhdCBjYW4gYmUgcmFwaWRseSBwcm92aXNpb25lZCB3aXRoIG1pbmltYWwgbWFuYWdlbWVudCBlZmZvcnQsIG9mdGVuIG92ZXIgdGhlIEludGVybmV0LiBDbG91ZCBjb21wdXRpbmcgVGVjaG5pcXVlIHJlbGllcyBvbiBzaGFyaW5nIG9mIHJlc291cmNlcyB0byBhY2hpZXZlIGNvaGVyZW5jZSBhbmQgZWNvbm9teSBvZiBzY2FsZSwgc2ltaWxhciB0byBhIHV0aWxpdHku', '-15e674532fb11d10d53f91289cb5afc16a23f491', '[B@1a01e8a', '0', '17/09/2021   15:55:41');
INSERT INTO `cloudserver` VALUES ('4', 'Manjunath', 'EBanking.txt', 'T25saW5lIGJhbmtpbmcsIGFsc28ga25vd24gYXMgaW50ZXJuZXQgYmFua2luZywgZS1iYW5raW5nIG9yIHZpcnR1YWwgYmFua2luZywgaXMgYW4gZWxlY3Ryb25pYyBwYXltZW50IHN5c3RlbSB0aGF0IGVuYWJsZXMgY3VzdG9tZXJzIG9mIGEgYmFuayBvciBvdGhlciBmaW5hbmNpYWwgaW5zdGl0dXRpb24gdG8gY29uZHVjdCBhIHJhbmdlIG9mIGZpbmFuY2lhbCB0cmFuc2FjdGlvbnMgdGhyb3VnaCB0aGUgZmluYW5jaWFsIGluc3RpdHV0aW9uJ3Mgd2Vic2l0ZS4gVGhlIG9ubGluZSBiYW5raW5nIHN5c3RlbSB3aWxsIHR5cGljYWxseSBjb25uZWN0IHRvIG9yIGJlIHBhcnQgb2YgdGhlIGNvcmUgYmFua2luZyBzeXN0ZW0gb3BlcmF0ZWQgYnkgYSBiYW5rIGFuZCBpcyBpbiBjb250cmFzdCB0byBicmFuY2ggYmFua2luZyB3aGljaCB3YXMgdGhlIHRyYWRpdGlvbmFsIHdheSBjdXN0b21lcnMgYWNjZXNzZWQgYmFua2luZyBzZXJ2aWNlcy4=', '10c83e63530776e829fd5b27e3da343d90618697', '[B@1ad0d89', '1', '17/09/2021   17:28:15');
INSERT INTO `dataowner` VALUES ('1', 'Venkatesh', 'Ecommerce.txt', 'RS1jb21tZXJjZSBpcyBhIHRyYW5zYWN0aW9uIG9mIGJ1eWluZyBvciBzZWxsaW5nIG9ubGluZS4gRWxlY3Ryb25pYyBjb21tZXJjZSBkcmF3cyBvbiB0ZWNobm9sb2dpZXMgc3VjaCBhcyBtb2JpbGUgY29tbWVyY2UsIGVsZWN0cm9uaWMgZnVuZHMgdHJhbnNmZXIsIHN1cHBseSBjaGFpbiBtYW5hZ2VtZW50LCBJbnRlcm5ldCBtYXJrZXRpbmcsIG9ubGluZSB0cmFuc2FjdGlvbiBwcm9jZXNzaW5nLCBlbGVjdHJvbmljIGRhdGEgaW50ZXJjaGFuZ2UgKEVESSksIGludmVudG9yeSBtYW5hZ2VtZW50IHN5c3RlbXMsIGFuZCBhdXRvbWF0ZWQgZGF0YSBjb2xsZWN0aW9uIHN5c3RlbXMuIE1vZGVybiBlbGVjdHJvbmljIGNvbW1lcmNlIHR5cGljYWxseSB1c2VzIHRoZSBXb3JsZCBXaWRlIFdlYiBmb3IgYXQgbGVhc3Qgb25lIHBhcnQgb2YgdGhlIHRyYW5zYWN0aW9uJ3MgbGlmZSBjeWNsZSBhbHRob3VnaCBpdCBtYXkgYWxzbyB1c2Ugb3RoZXIgdGVjaG5vbG9naWVzIHN1Y2ggYXMgZS1tYWlsLiBUeXBpY2FsIGUtY29tbWVyY2UgdHJhbnNhY3Rpb25zIGluY2x1ZGUgdGhlIHB1cmNoYXNlIG9mIG9ubGluZSBib29rcyBzdWNoIGFzIEFtYXpvbiBhbmQgbXVzaWMgcHVyY2hhc2VzIG11c2ljIGRvd25sb2FkIGluIHRoZSBmb3JtIG9mIGRpZ2l0YWwgZGlzdHJpYnV0aW9uIHN1Y2ggYXMgaVR1bmVzIFN0b3JlLCBhbmQgdG8gYSBsZXNzIGV4dGVudCwgY3VzdG9taXplZC9wZXJzb25hbGl6ZWQgb25saW5lIGxpcXVvciBzdG9yZSBpbnZlbnRvcnkgc2VydmljZXM=', '323fc204bb04a0ef89d36a2d845b6c562f90f82', '[B@6bba64', '0', '17/09/2021   15:52:43');
INSERT INTO `dataowner` VALUES ('2', 'Venkatesh', 'Android.txt', 'QW5kcm9pZCBpcyBhIG1vYmlsZSBvcGVyYXRpbmcgc3lzdGVtIGRldmVsb3BlZCBieSBHb29nbGUsIGJhc2VkIG9uIHRoZSBMaW51eCBrZXJuZWwgYW5kIGRlc2lnbmVkIHByaW1hcmlseSBmb3IgdG91Y2hzY3JlZW4gbW9iaWxlIGRldmljZXMgc3VjaCBhcyBzbWFydHBob25lcyBhbmQgdGFibGV0cy4gQW5kcm9pZCB1c2VyIGludGVyZmFjZSBpcyBtYWlubHkgYmFzZWQgb24gZGlyZWN0IG1hbmlwdWxhdGlvbiwgdXNpbmcgdG91Y2ggZ2VzdHVyZXMgdGhhdCBsb29zZWx5IGNvcnJlc3BvbmQgdG8gcmVhbC13b3JsZCBhY3Rpb25zLCBzdWNoIGFzIHN3aXBpbmcsIHRhcHBpbmcgYW5kIHBpbmNoaW5nLCB0byBtYW5pcHVsYXRlIG9uLXNjcmVlbiBvYmplY3RzLCBhbG9uZyB3aXRoIGEgdmlydHVhbCBrZXlib2FyZCBmb3IgdGV4dCBpbnB1dC4gSW4gYWRkaXRpb24gdG8gdG91Y2hzY3JlZW4gZGV2aWNlcywgR29vZ2xlIGhhcyBmdXJ0aGVyIGRldmVsb3BlZCBBbmRyb2lkIFRWIGZvciB0ZWxldmlzaW9ucywgQW5kcm9pZCBBdXRvIGZvciBjYXJzLCBhbmQgQW5kcm9pZCBXZWFyIGZvciB3cmlzdCB3YXRjaGVzLCBlYWNoIHdpdGggYSBzcGVjaWFsaXplZCB1c2VyIGludGVyZmFjZS4gVmFyaWFudHMgb2YgQW5kcm9pZCBhcmUgYWxzbyB1c2VkIG9uIGdhbWUgY29uc29sZXMsIGRpZ2l0YWwgY2FtZXJhcywgUENzIGFuZCBvdGhlciBlbGVjdHJvbmljcy4=', '902d177dba1deedd45dc411b9653401a566ec36', '[B@40d611', '0', '17/09/2021   15:53:29');
INSERT INTO `dataowner` VALUES ('3', 'Venkatesh', 'Cloud.txt', 'Q2xvdWQgY29tcHV0aW5nIGlzIGFuIGluZm9ybWF0aW9uIHRlY2hub2xvZ3kgKElUKSBwYXJhZGlnbSB0aGF0IGVuYWJsZXMgdWJpcXVpdG91cyBhY2Nlc3MgdG8gc2hhcmVkIHBvb2xzIG9mIGNvbmZpZ3VyYWJsZSBzeXN0ZW0gcmVzb3VyY2VzIGFuZCBoaWdoZXItbGV2ZWwgc2VydmljZXMgdGhhdCBjYW4gYmUgcmFwaWRseSBwcm92aXNpb25lZCB3aXRoIG1pbmltYWwgbWFuYWdlbWVudCBlZmZvcnQsIG9mdGVuIG92ZXIgdGhlIEludGVybmV0LiBDbG91ZCBjb21wdXRpbmcgVGVjaG5pcXVlIHJlbGllcyBvbiBzaGFyaW5nIG9mIHJlc291cmNlcyB0byBhY2hpZXZlIGNvaGVyZW5jZSBhbmQgZWNvbm9teSBvZiBzY2FsZSwgc2ltaWxhciB0byBhIHV0aWxpdHku', '-15e674532fb11d10d53f91289cb5afc16a23f491', '[B@1a01e8a', '0', '17/09/2021   15:55:41');
INSERT INTO `dataowner` VALUES ('4', 'Manjunath', 'EBanking.txt', 'T25saW5lIGJhbmtpbmcsIGFsc28ga25vd24gYXMgaW50ZXJuZXQgYmFua2luZywgZS1iYW5raW5nIG9yIHZpcnR1YWwgYmFua2luZywgaXMgYW4gZWxlY3Ryb25pYyBwYXltZW50IHN5c3RlbSB0aGF0IGVuYWJsZXMgY3VzdG9tZXJzIG9mIGEgYmFuayBvciBvdGhlciBmaW5hbmNpYWwgaW5zdGl0dXRpb24gdG8gY29uZHVjdCBhIHJhbmdlIG9mIGZpbmFuY2lhbCB0cmFuc2FjdGlvbnMgdGhyb3VnaCB0aGUgZmluYW5jaWFsIGluc3RpdHV0aW9uJ3Mgd2Vic2l0ZS4gVGhlIG9ubGluZSBiYW5raW5nIHN5c3RlbSB3aWxsIHR5cGljYWxseSBjb25uZWN0IHRvIG9yIGJlIHBhcnQgb2YgdGhlIGNvcmUgYmFua2luZyBzeXN0ZW0gb3BlcmF0ZWQgYnkgYSBiYW5rIGFuZCBpcyBpbiBjb250cmFzdCB0byBicmFuY2ggYmFua2luZyB3aGljaCB3YXMgdGhlIHRyYWRpdGlvbmFsIHdheSBjdXN0b21lcnMgYWNjZXNzZWQgYmFua2luZyBzZXJ2aWNlcy4=', '10c83e63530776e829fd5b27e3da343d90618697', '[B@1ad0d89', '0', '17/09/2021   17:28:15');
INSERT INTO `kgc` VALUES ('TA', 'TA');
INSERT INTO `owner` VALUES ('1', 'Venkatesh', 'Venkatesh', 'Venkatesh123@gmail.com', '9535866270', '#782,4th Cross,Vijayanagar', '05/06/1987', 'Male', '560021', 'Bangalore', 0xFFD8FFE000104A46494600010101006000600000FFDB0043000201010201010202020202020202030503030303030604040305070607070706070708090B0908080A0807070A0D0A0A0B0C0C0C0C07090E0F0D0C0E0B0C0C0CFFDB004301020202030303060303060C0807080C0C0C0C0C0C0C0C0C0C0C0C0C0C0C0C0C0C0C0C0C0C0C0C0C0C0C0C0C0C0C0C0C0C0C0C0C0C0C0C0C0C0C0C0C0C0C0C0C0CFFC000110800BF009503012200021101031101FFC4001F0000010501010101010100000000000000000102030405060708090A0BFFC400B5100002010303020403050504040000017D01020300041105122131410613516107227114328191A1082342B1C11552D1F02433627282090A161718191A25262728292A3435363738393A434445464748494A535455565758595A636465666768696A737475767778797A838485868788898A92939495969798999AA2A3A4A5A6A7A8A9AAB2B3B4B5B6B7B8B9BAC2C3C4C5C6C7C8C9CAD2D3D4D5D6D7D8D9DAE1E2E3E4E5E6E7E8E9EAF1F2F3F4F5F6F7F8F9FAFFC4001F0100030101010101010101010000000000000102030405060708090A0BFFC400B51100020102040403040705040400010277000102031104052131061241510761711322328108144291A1B1C109233352F0156272D10A162434E125F11718191A262728292A35363738393A434445464748494A535455565758595A636465666768696A737475767778797A82838485868788898A92939495969798999AA2A3A4A5A6A7A8A9AAB2B3B4B5B6B7B8B9BAC2C3C4C5C6C7C8C9CAD2D3D4D5D6D7D8D9DAE2E3E4E5E6E7E8E9EAF2F3F4F5F6F7F8F9FAFFDA000C03010002110311003F00FDFCA28A2800A64F3184290A58938C0E0F4A7D727F1DD35B7F837E263E1B9658B5F4D3A792C0C780ED32C6591412080588DB9C1C6ECE0E2A2A4F960E56BD95CBA71E6928DED776317E36FED47E0EF8116C175DD4945EC885A2B2B7FDE5CCBC7650463F123F9D7C8BF173FE0A89E24F13CF243E19B387C3966415579009AE9C7A924610FB004FFB5EBF12E9DF1BA0F89FA42F88E2D425D4D754F9E696576334721C92936E2595BA71CF20818C735A5F180248120C761C823E99E48AFC3B39E3EC656938527ECE3D97C5F37FE47EC19570561687BD557B49777B7C975F99EB9E33F8CBAB78E352FB66B1A9DEEA9743FE5A5D5C34C47D03642FE15CBDEF8C8098C8026E3C64B12DF9E73F874AF3BBAF176093BFFF001EAC7BEF1B00482D8FF8157C457CD6539372776CFAEA39728A4A2925E87A5DCF8E1E42559D001CF53FE3591A878F1A2CED9429CF66C57986A5E3D0AA406FFC7EB9ED4FC7C0E4339519FEF66B9DE3398E8FA9A5D0F4FD4BE203B3307955D7D0F38FCF35CF6A9E3E6C9FDE2900F43823F95797EA9E3F5504893773FDEAE7754F1D34884231273FDEAA8E224FA8BEAE9688F51D63C7A9293E61475EE0B119F63DB1F419F7AF41F82BFF000534F8A3FB384D6F1F87FC577F77A65B37CBA5EA72B5F5B32FF71439DCA3D9586066BE4EBFF164D2E41247FC0AB16F35D964DC0B9C9E873C8F7AEFC2E36BD2929D29B8B5D9D8E3C560A9568B8568A6BCD5CFDE0FD84BFE0B6BE03FDA6B55B2F0DF8C21B5F0278DAF0F9504525C9934FD4DC7FCF09982E09FEE30EC7935F70C738918A80415EBED5FC964BADCD1DC4722B9492075911D090E1D58156FF78103A633D3BE6BFA54FF00825DFED4C7F6C4FD893C0FE34B878FFB624B56D3B578D5B252F6D9CC32B74180E5448076122F27A9FDA3837892BE3D4B0F8BD671574FBAF3F33F25E2BE1EA581E5AF8556849D9AECFCBCBD4FA0A8A28AFBA3E3428A28A0028A28A002A3BACEC04305C1CFE86A4A8AF104918DCA1829CE0FD293570B1F80BFF0563FD9E35FFF00827A7ED9DABEB7E1A125AF843E214B2EB1A6931EEB2695E40F716D20E80AC8CCC02E0ED75E801AF23F0FFED5FE1CF11C4E9AF59DE7876F03AEE9EC105C5AC9C1C96858AC911CF3F798633C57EE1FED63E08F0DFED07737BE19F13E8DA7EBBA05B830B5BDD26F05CFDE65618646C9DB9539C28AFCE5F8F7FF0006FD586B37171A87C30F17CBA63B1DD1E95AE42D731A8E7E54B94F9D541C00191B8FE2EC7F00CF32FC3D4C755851578F33FF0083AEFB9FB7E4D98D6860E94F10ED2E55FF00034DB6B1F3D45AAE91E2CDA742F18785F500E3212E2FC58CC7DB6CC1467D81355F56F867E3231EF8B44BBB989BA496D225C237D0C65B35CEFC52FF00823D7ED1DF0EAE58BF81BFE125B40093368D790DEE7D8231594FD00CD78DEA1FB3C7C66F87578E93FC37F8ABA032F1BBFE11BD42DC37D1B673D3B71C5789FEACD393D1497A6BFA1ECC78825B2717FD7F5D0F5ED53C11E2EB763E77873C4310E996D3A703F3D98FD6B0EF3C1DE230C4C9A1EBB83D3FE25F37FF00135E61FF000937C5CD1E530349F11AD4A8C6D786FD1C7B72BFD29916B5F1A7579BCBB787E2B5D13C8115BDF393F90CD691E188AD5397DC44F88276D91E84DF0E3C4F7329D9E1BF10481BA01A7CC49FA0DB54755F875AF69219AF349BBD347FD3F01683FF0022EDC7E35CF5B7ECFDFB447C4051145E02F8E1A8C727CDFBDD1354681BB72CE9B3BD749E1BFF0082497ED1BE2C28EBF09755B28E5E7CDBFBBB6B300FBAB38607FE039AEA8E414E0FDE6FF039A59DCE5A248E3F5BBEB4D251CCFA9E99E62F1B62BA49C67D37C65933ED9CD64BEA02E2259109647E8C3EED7B07C54FF8238FC64F833F05FC4DE37F14B784F4DD2BC33A64BA95CC0BAAFDA6E0AC6BB8AA80B8DC7EB5F3F68D72C9A25AEE0A8D2461C8CE185555CBE9D38A941DEEEC28636751B5356D0D1BBBF64572AFB5B191EB904118F43902BF607FE0D6AF8E2FA868BF153E1FDD4E1CD94F6DAFDAA16FBA245304DB57B0DD1C67AFF101DB27F1A2E2E836E04F5AFBB7FE0DB1F1FB7867FE0A5F6DA6894AA7897C2FA869CC9BB02674315C83F82C0E31EF9ED83F43C28DD1CC29BEEEDF7AB1E17122F6B80A91B6CAFF0071FD0DA49B890460F6F7F7A75470B0661803E5181FD6A4AFDA533F210A28A298051451400554D76FC697A3DCDCB2EE1044D26338CE149AB7581F149DA3F877ACB29C30B57C1FC2B9B1951D3A139ADD26FF00036C353E7AD083EAD2FC4F9D2CAF24BAB8965958C924CE6466F562724FEB5B7A7AB36DDADB78F4CE7DAB9DD2A6015723F857F90ADDB0B907000C607AD7E0583A9CDEF49EAF53F69C542CB9523A3D3D5095C2E171961B8FCDF9115BD677049006C0AA380CA188FCEB97B2BADA41AD6B6BE000238FC6BEB70388E53E631787B9D1497A668023B0651CE3B5666A771842371C03D324541FDA184CF5FC6A9DD5D8933938AEFC462E2E3A1C7470BCAF6296A3CE4EF940CFFCF461FD6B0AFDFA82CC41EDC1FE60D6ADFCC003CE6B16F08CB312000327FCFD7F9D7CA63EAA93BB3E8F070EE8F93FFE0B37E2A7F097FC135FE2A4D1C8B1B5E595BD82AF397135E411328ED928EDDABF0CA075B4B28E1048302853CF7C0CE7D79AFD7DFF008381BC771E91FB1AE91A1B9C4BE26F125B441377322C11BCEC318E9955FCABF20740F0B6B1E31B868B48D3753D5EE482EF1D95A493903FBC76038EC39AC285352A2AFDDBFC0ECAB2E5A8EDD8AB71781779CF41FD6BEBEFF837DDDE5FF82BD7C2C48F2EAB16B0EE738000D2AEC7F322BE30F11DA5DE89772D9DF5B5C58DEC6BB9E0B88DA2923EF860C011D2BF417FE0D78F011F1B7FC14C6F35A686496DFC29E11BFBA1305CAC534D3416F1827B1646B83FF003EBC7D064B8472C5D3B774FEED4F1B36C42585A97FE567F44D6F8F31883C7F2FF0038A9A9908619248C1E831D29F5FADA3F2C4828A28A630A28A2800AC5F88F66FA878135682304C92DAC8147A90A481F8E315B54CB841244548043706B2AF4954A72A6FED26BEFD0D28D474EA46A2E8D3FB9DCF9174EBD04AAE300A820E7AF03FF00AD5B56738400861589E2AD325F09F8C750D3E652AD6F33141D3E466254FE58FCAA5B4BFDCA06718F7AFE6D84A542ABA53DE3A3F55A3FC4FDEE74E3569C6A4366AFF79D55B5DF0306B42DEF72A393D3D6B98B6BCC2824E6AEC3A86D1D7F5AF6A8632DD4F22B616E740DA8E131FD6ABCB7F9CF3FAD651D4B23D7F1A8A5BF38CFAFBD6B531FE6631C17916EF2EF1924E7358FA85D194040CABBD80E5B03FCE68BBBDCA9E71CFAD64DE5D83B816001041070430208C1CF6AF231389BEE7AB86C3347C65FF050CFD8D7C4FF00B79FED39E09D0A67B9D03E1AF83F4C6BFD4B556604DFDDCF36C6B58141CF9B1C7165C9E009C019EA7D97E1D7C11F057ECDFE13B7D0BC15A3DBE8D6F6F1796D2271732918C348E39624027B0F6AF47D5352168CCC24738C018201C0040CF18CE38CE013819E95C0F8B358570C0308C161D3EBC93EA719AE5FACD4A96A6B4513BA387853F7A5AB67E58FFC1757C216763F1CBC39ACDBD9C36F75AC58E2E9A21B7ED0C18804FB90BF9B015F717FC1A45F00574AF855F153E27CF0CEB3788F51B7D0ED6465C23476D1991F68F669C03F43F87C29FF0005A0D62F3C7DFB41783BC33A5DBDC5FEAB710B436B69183E65C3C92A43022FFB4D2AC8A3DC03ED5FBF5FF04CEFD926CFF61DFD8A7C03F0DED9925BAD234F375A9CC9C8B8D42E646B8BB7CF70679240BE881579C57EB3C1F8773B569745F99F9AF14E21422E945EB27F823DE80C77A28A2BF403E1028A28A0028A28A0029B2630327193F9D3A919031527F84E6860785FED75E089512DFC496B10916DD7C9BC2A31F293F2B93EC703FE059EDCF8E69DAE24C8A41183C673CE47507D3DBD6BECED4F4D8752B096D6E2349ADEE432488C32AE083906BE3CF8DFF07EFBE0A789479424B8D0EF58FD9A655C0871FF002CDCE7EF0E7078CD7E47C73C3728D5798E1D692F892E8F6BFA3EA7E9DC1B9F4654D65F59EABE1F35D57AAE85C83555DA0020FE356A3D503003A7E35E7FA6F8954E496040E386E47D7D0FE75AB078853190C3F3AFCE63566B43EF5D1833AE1A867BFEB51CFA980B8EBF8D734BE224E72401F5A82E7C46983C8C67D69BAD364AA11474173AA820E4818F7AC4D5F5A458CE18641F5AC5D4FC4CAD1101B6907D6B96D57C580395624027839CE4D254E53B5CBE78C11A3E20F122AA364E067D6B9586DA5F14EA090AAB1495B6B7B64607EA40FC68486E35BBB0BE5B988F2587CC7F2EF5EB3F087F67BD43E21096D2C585B0922747BDD848B7C8C640E32C339C6477E6BBF0D42539AA341734DEC8E2C4578420EAD67CB18EAD9F1FFF00C137BF63193F6E4FF82BA78CBE366B31BBFC36F8297C9A4F87D4AEE8357D5618B63609FBD1C333CF3138E25318FE139FD9E86D842E581273C7403033C0E3B0ED5C3FECDBFB3F786BF65EF843A4F827C2768B6BA468E8D963CCB753BB179AE256FE29659199D9BBB31E838AEF2BFA072ACBE383C34682DD257F53F10CD31EF1988956E9D3D028A28AF48F3C28A28A0028A28A002827009F4A2B2BC41AA496F698894EE2D8CE7B60D0054F1778DE0D0B4D95D4ABCABC05DD8FF3CD7CDFFB457C59BE7D356E6F2392F3C371029A944B1E56DC779081C91EA4636E72700123D6F5FD0E4D5E5632B3156392B8EB5952783565660C8ACAC086529956C9EFF4AE7C56128E229BA5595E2F7B68FEF37C3626787AB1AD4F74EE8F967C41E0DB88ED92FF004165D434F3109522127EF911B0411D9D71D0839FC0E6B00F8964B7CAB07465382B27C8C0FA60D7ACF8EBF65CF137C3096E355F868A9A9E9C5CCF3F84AEE51146093977B1998ED85D8F26393F7649255A33957E162F8C5E0DF146BE9A2F8AE01E14F10C6445FD9FE21B56B0BC663D56366C24FECD133835F97E71C058CA17AD848BAD4FBC536D7F8A2AED7AEDD9B3F4DCAF8B30D5ED1AB2509766F46FC9BB27F9F91803C60158A9621FFBBCE7EB4C93C4ED28C02E49F4E6BD223F837A55EA349626431EEDA0F12824F41C74C9C75A8AF3E15E9BA4A9966BA44455DF964D83F3271F866BE0EA53E4972B8BBFF5F33EAE9E223357E63CD09BED4E4DA914AABD727A56AE91F0F2F2FE6433A1D8DD090700FBFA719A5F883F1F7E1CFC1CB169358F15E8564C8388DEED5E56E3A044DCCC78E80135F387C6CFF82BE785B45B67B2F09699A96BD2B02639E78DAD20CE0FF091E611F5502BEAF20E01E25CF25CB95E0A725FCCD72C17ACE568FCAF7EC99E4E67C4B9465EAF8BC4453EC9F33FBA3767D557FAEE8FF0FAD0CB334170F6E32543639F4C8E9C6793815B9F083FE0B59F00BC31ADDAF83F5BD6ACFC2D7BBB634C8AD73651374CCB3A0C231F7181D4900135F8BBF1D3F6CBF88BF1C1A74D5758934ED3E4938B1D3CF93081823071C93827A9C7B5789CBE659A3882478D9CE4B67AFD40C29FC41FCEBFA73807E8F55B2D6F159D623DF92F829A4EDA7F3CA37767D14527D59F8D716F8914B308AC3E0A97BA9EF26F5FFB75696F5BBF247F5CDE1BF155878A343B5D4B4AB9B4D4B4FBD884D05CDA4E93453A9E8CACA4AB0239041208AD28E52EC010002339CE6BF99CFD803FE0AA7F137F60FF00135ADBE8FA84BAD7835E6DF7DE1CBC9336B3A923718783E4CBC70C8307241049047EFB7EC41FB7AFC3FF00DBC3E198F11F82F506FB45B61354D2AE711DEE932E398E64F4F461C118A7C53C118DC9BF7C9FB4A2DFC496DD94D746FA3BB4CF172ECDE962BDCF864BA7F91EE14536394484818C8E7D78EC69D5F1499EB0514514C028A28A002AA5CE9C25C963907B62ADD1D7A8A00C79B424E4F073C7DDA846828189C0E7DAB74A83D40A428A06481401872686BB46D2ABEB95C861E958FE33F85DE1FF00889A7358788347D2B5AB27528D06A1689751303FC243E723D8F1ED5D75C48A13014566DE5DED46C2F008DDF4CFE95509CA125283B35D5682924D6A7C6BFB797EC89F053F676FD98BC6BE3AB6F06C1A0DFE87A5CA74C4D1F56BED2604BD71B20022B699233FBC6071B70715F8BDADFC46F126AF6C16EBC41AE5C46418983EA33386002F182C7D3B926BF547FE0E1AF8D43C3BF07BC15E028AE0897C45A8CDA95CC61BFD6456B81CFB7992C78F5D86BF236E265014807728209CF07DFF004AFEA9F0972FA9532678DC737525524DC799F35A31B474BDED76A4FA37E963F3DE25C538E2BD9527CAA2B5B69ABF4F22A5FCA59CB10198AEC24E4961E85BEF7EB58F2EF01916478D072150ED00FF005FC727DEB4EF2404123BD674FC313EB5FA8D4A574D1F34A4655DDBEDC80C492727DCFAD65DD5B649ED8ADBB81C9279CD519E20C49E95C73C2A66B1A8D75306EAD448406C9507240380DED5E87FB2E7ED5FE32FD8EBE2FE9DE32F05EA77163AA5ACA1648F7930DFC448DD04CBFC68D8039E410A738041E2EEAD4039CE727D2A9CD1B22B1466466046475E4608FA11C1F627A75AE4AD9742A4254EA454A325669EA9AECFCBFE1D6A6B1C44A32528BB347F505FF04F7FDBC7C27FB7C7C06B3F17F8788B2BF836DB6B5A4C87171A55DE325187528DCB23E06E539C03903DE8484C817030413D7DEBF991FF008255FEDD7AA7EC27FB58689AF4B792AF8475971A6F89EDB71F2E7B572009F1CE2489F6B83E9BD780F95FE98F44BF8355B282EADA68AE2DEE6259A3950EE5915802AC0F704735FCABE20708BC8B1EA347F8352EE1E5AEB16FAB5BFA347E8D93667F5BA377F14747E7E65DA28A2BE10F6028A64D37929B8AB30E9C0C9A4374AA402186738F94F38EBDBF2F5ED9A00928A8E1B81374560319E4107F23CFE74F77D832680149C0C9AAD35E0E540C63DE8B9BB010803F5ACC9EF76B13807F1A0096E6F7A8C74F7ACCBBBA0CB2672142B1620F6C1FCE9B717F963918FC6B3AEAF095721828504B77C8F4A1ABA6985CFC59FF0082EA7C5A7F885FB795E69AB7026B6F0968B69A52281B5524CBCF2F1D98B4C33EB81E95F17DC4FC1AF42FDAEFE2649F167F69DF883E2277132EA7E20BB9229036432090C6A47B1118FCABCC269B7646715FDD7C3581FA965386C26CE308A7EB64E5F8B7FF000C7E3D9856F6B89A953BB62CB3E722AA5C4C3D3BD24D2EDE7354EE27E0D7B2722613481811D2AA4F2019F7A4967EB556E2E38EFD68B0EEC259413C8AA97122E338A4927EB556591A4242F26868A4FB84A5254911949475DAC07753D47E59FA75ED5FD0E7FC1BE9FB58DC7ED29FB03E95A3EAD7A6F3C47F0D2E1FC377AECDB9E485007B57CF71E432267B9889EF81FCEACB7632C7798A48CF43827D3B1C60838C92073EB807F4C3FE0D7BF8A5AE784FF6B9F17F87A2B2BFBBF0C78B74222E2E522616D6D7F6D20784138214B44F7008241385C02057E67E2B6554F199054A974A549A9A775E924BD57DF65D51EF70DE2654F1AA31D54AE99FBC34546B70AC4F2060E3AF3457F23A57D8FD2C598294CB1014724E718AFE50FE17FF00C17BBF681FD9B3F6AFF881E2FF000778CE6D57C19E2CF15EA7AB8F0B6BC5F50D204135ECF34690A9F9AD7E4755CC2514F05958AAE3FA7EFDACFC62FF000F3F660F889AFC52F913689E19D4AFA29376DD8F1DA4ACA7F302BF889B1B9325840492AAC8A4AE78E99C7E64D007F489FB1BFF00C1DE1F04BE2BCF6FA5FC5DF0E7883E156AF2AA2BEA30A7F6C68E5CF0C0C908F3D00EBF342540072C0E33FA5BF057F6ADF871FB4E78761D53E1E78DBC33E32D3A65DEB3693A8457431EE14923A8041030783835FC4A4D72648846CD988367664E3F2CE33F5156BC3DE30D4BC11ACC3A9E85AA6A7A1EA90B065BCD3AEE4B3B8520E41124451F23D4927E952EE33FB8DB9B924B2E02B03D09E7F2193F80ACB9EE89663B1F00E381927F0EA3F102BF931F803FF05ECFDAD7F6746B78749F8D3E24F10E9701CB69FE2C09AF4730FEE99A706E02FB2CA2BEAFF85DFF000783FC5CD16D2D6DBC69F0CBC0BE2568DB12DCD85CCDA6613BED8D8C8B9FA927F0CD09BEC34958FE83AF6E0827AA9F7E0FE55C37C6FF001C9F87BF077C5FAF9601742D12F751396DA3F736EF20E7B72A0FE15F93DE0CFF0083C4BE19DE48ABE25F831E3ED233C1934BD4ACEFC3FD16430E3F16AEF2D3FE0BD3F09FFE0A87A26B7F01BE1B683F11344F887F1334ABCD2B471E23B2B2B4B091BECEF24A249E1BA9B60F2525E4AE3231DC57660234E589A71ACED172576F6B5F5FC0C6B392A72E5577676F5B1F9B32CEE151598B80A0963D598F7FD3F5AAD2DC726BEB2BEFF822B7C7E4DC5345F0CCD116CAB47AF440631C7DE0BDB9ACD7FF00822F7ED005F03C3FE1F39F4D7ED8E3FF001EAFED25C6D905BFDF69FF00E071FF0033F27FEC9C6DFF00852FB99F2A5C4FC1AA534DBB2338AFAF2DFF00E088BF1E6F8957B5F06D91C67371ADE40FAF971B9FD2B6746FF82107C4F9C01AC78C3E1F6965B83F679AEAF76FE0618C1FA66B0ABC7FC3B4D5E58C85BC9B7FFA4A65C324C7CB48D27F3D3F3B1F0FCF3AC7CBBAA13D013827E9DAA9DD4AEABB8A948C9C6E7CA8FE55FA57E14FF8204D8DBEC3AEFC4FBCBA4032C34BD285AA93E9F3CAE718CF3815EADE0BFF0082357C0FF09EC9352D375BF12DC20C137FA93AC6E7D4AC7B48E9D9875AF9DC6F8BFC3B417EEA73AAFF00BB0B7E32E5FC8F428F0BE3A5F1251F57FE573F1E12DAE2EEFA2B5821967B99CE228A25323CBFEE850771F61CFB57B2FC23FF008270FC63F8DC62934FF07DDE956121F9EF35B26C218D7FBC5483291CF6435FB15F0F7F67BF87DF05E258FC2BE09F0AE8010637D96990C72B7FBD2152EFD3ABB31E9CD6FDD5CA86723396E792783EA318C7D460FBD7C266DE386226B972DC3A8F9CDF33FB9597E2CF630DC2305AD7A97F25A7E3AFE87C39FB3E7FC1147C21E08FB36A1E3FD766F18DEC2C19ACAC8B5B69D9FEE961895C751D509F4AFB83F67BD3746F835E30F0DD8F8774AD3F44D2ACAF238A1B5B38C410C31B1DAC0AA801B20F53CFA9359F7170CA0A991981393939E7FCFAE6B3DF506B3B849518878DC3039C6083D6BF23CEB89733CDA7ED330AD29F96D15E915A23E970980A1868F2D1825F9FDE7E884284C4A4484640E807A5154F47BBFED4D12C6E233849E0494739E1941A2BC33B0F9DFF00E0B39E2793C1DFF04A6F8FFA942C565B6F056A1B70769CB445719FC6BF8D5FB408E055040D876FFE3A0FF5FD2BFAFDFF008381F536D2FF00E08E3F1ED94733F871E0EB8C07963527F235FC785D5D80C58370E738F4EDFD2802FC979C0E40A89EF38FBD59D25E6547351C975C0E450068C9767030D8E691B500AA3030C0F5CD654B77851CD44D77B863205006AB5C890302CCC1B9209047F2FE75F7F7FC1B29A241E24FF82AFE817532EF6D1740D46F2218180DB122E8318F9656AFCEA37650641CE7DEBF47FF00E0D5B7127FC151272C471E0CD4C8F63E65B529376D0A8BD753FA48BBD4249A4777919D9783962324F718E83000C5665C5E96241EDEF9FE79A496E36C60139CFF0089ACDBBB9EB83CD084B4D02F2E9E4201642AA723E53C1FCF1FA551B9BF0D296650C718E59811F9102A1B9B9393C9ACF96EF6B924E47D684843AEEEB3296C01DBB93F9D665DDEED279FD68D42F7AE3D7D6B1EEEF0B1239A6049777D92467F5ACBB9BBE4F351DCDC9C9E6B36E6E4EE27268025B8BB258E0D65DECE645650705C63E94935E9462719CF1D6AB190CB3C79E06EE7BFB5007E877C0FBF3A8FC1EF0ACCC72D269168CC739E7C9507F514563FECBD76D7BFB3FF0085A403245A6CEBFDD665FE945007CD5FF0714027FE08D9F1C00CF3A32038E4E3CF8FF0F7E48E01AFE3A679CEC421B23046723AE7FF00AFDEBFBC6F8B961A6F883C03A9699AC69F63AA695A8C46DAEECEF2159E0B98D81DC8E8DC1047AD7F373FF0578FF820F783F4CF125F78A7E094F6BE15776779BC2F72DFE8529CF02D64273111FDC7DC0F50CB8C100FC797B824707F5A63CED8EA6B5FC73F0EB5CF865E22974BD7F4DBCD32F6162A639E32BBF071953D187B838AC49700903240F5183400AD3330C648A6F98DEA6928A0052E4F526BF48BFE0D5F9027FC150272CDB73E0CD4FF001FDE5B57E6E57E82FF00C1B33AFC7A27FC15074D89D82B6A3E1CD46D63E7196C46F8F7E10D293B21C55D9FD254F707182D8E3FA9ACEB8B8DAC727346A578048A01E831593717A4B1C9C7E3557EC4A24BBBB0B939CD65DE5EF271D7EB4CBEBC201E73F8D655C5F10E4E33F8D21925D5E924E727F1ACCB9BCF98F1FAD36E750F98FCBFAD66DC5FFCC78FD6801D7379C9E3F5ACDBABCE4E07EB4EB8BB51B8B12BE9E99F7F415480926218A101812BCE7763D3B9FCA800FF005AE72C173EB93FCAA3DCC770010E4ED07785E4F4EB8E73DAB82F8FBFB4D782BF668F0ADBEA9E31D7AD34837C42D85AAB196FB50727012DE14CBCAE790028C648048CD7A17EC49FB2BFC40FDB6F50B7F187C4A8AEFE167C35494CB63E0A5942F89F5F50311C9A94E871670306DC6DA16691C84DF222878A400FBA3F641BC11FECEFE1C5943A944993A6791712E471C8238EBFAD15DF681E15B5F0B6916F61A6C16D636569188A1822855638940C00AA30147B0007B0A28017C49A1AEB7A5C903721BA71D0E2BE12FDB37F656D575E5B96B584B22963B8C590739EC722BEFF00AA9A9E8B6FAC5BB45731AC8AFD78E6803F9CFF00DA67FE09E31F8AA1920D5F4882FE25663B668C965CE7956EABF8607B57C1DF1CFF00E093BAC68B34D3785AF0A203B96C2F32477E1641DFD88FC7D7FACCF897FB21681E378E4758D43B0C6D2838F7CD7CCFF173FE09B1677AD2BC221504EDE48F7A00FE48FE23FC1AF12FC23BF6B6F1169179A6C81B6ABBA6E89CFA070704E0138EBC5732D16DEE0F19FA7E75FD35FC5EFF008267477F6D2DBCF6FA7DD5B3FC8F14AA8E8E307AA9E2BE36F8EDFF000426F04F8B3ED33D9D92F86EF506E12E9B288D33FF005CF253A9CF4EDD6803F17648CC7827A3723D6BEB4FF8214F8B22F077FC156FE105CCF334305CEA17166F8FF96865B39E344FC5D9001EB8AEDFE2E7FC1097C7DE124797C3BE26D0F5C80FCFE5DD2B59CA3AF5237AB1F7C8FA578AF84FE0BFC46FD82FE3D7837E20EABE1EB7BA3E03D7EC75D58E2D4A10972D6B709388F70259437978CEC3807A1E94A4AE8A8BB3B9FD52DE5E28605A45F3082A501C91838273F95655E5F75C7F3AFCAEF057FC1D5BF0F356B323C47F0A3C67A34A14165D2F53B6D4D463B66516E7B9ED5D9E95FF0007307ECF9ABA079EC3E21E9C0F55B8D2A1665FFBF7338FD685B099FA15757A4B1CE7F3ACCBBBE54DC58E3D3D335F056B3FF0720FECF16CAC6DD7C71785464AA690A87FF1E900AE07C57FF07387C2AB3B699F42F87FE3FD5A743845BB3676513F1FDF124ACBFF007C1A623F48E6B93E5B3BAB003B80C47E78ACD9AEF2CA480C1D82828CAC3F98C7E381EF92057E56DBFF00C1793E32FED061D7E1BFC20F0C69315C3792973A9EB82F9A33EF95873FF7CD73BE31B2FDAC3F69B8A587C6FF00164785F4A9F024D33C378B7DEBFDDF3136B004139F9987B1A00FD13FDA47F6E3F855FB2CD9DC4BE36F18E8F613DB65BFB3925135FCBC1E040A7786EE03000E3AD7C3BF1A7FE0B3FE3CF8E124FA4FC19F089F0D68B3AEC5F14F88915EE6719FBF0DAE36AE38237330E33C1C571FF0A3FE0969E1FF0008CB1DD1B48F54D477190DE5FCBE7CBBC9CEEE7E507AF41CE79AFA2BC11FB0BBDEB46B98CA9E4005171F8E3A7B5007867EC6BE10934BF8BF1F8DBC4575A9F8C7E20CD31925F11EB321BABA47C631096E2200120051C0C8CE0907F6BFF626F1DDFCF6968663222C91AAEE2C79248278181CFD38ED804E7E5AF821FF0004ED75B8B5973080BF37DE1C9FCFDEBF413F66FF00D99D7C07A6DBC93C8AC91A8C01CF23B75FD6803DDEC657B9B6460C0600E71D68A9225112054015474145007FFFD9, 'Waiting');
INSERT INTO `owner` VALUES ('2', 'Manjunath', 'Manjunath', 'tmksmanju13@gmail.com', '9535866270', '#7827,4th Cross,Malleshwaram', '05/06/1987', 'Male', '560011', 'Bangalore', 0xFFD8FFE000104A46494600010100000100010000FFDB008400090607101010100F0E120F10150F100F0F11100F0F0F0D0D100E1511161615111515181D2821181A271B151522312125292B2E2E2E171F3338332C37282D2E2B010A0A0A0E0D0E1B10101A2D251F202D2D2D2B2D2D2D2E2D2B2D2D2D2D2D2D2B2D2D2D2E2D2D2B2D2D2B2D2D2D2D2B2D2F2D2B2D2D2D2D2D2D2D2D2D2D2D2D2D2DFFC000110800E100E103011100021101031101FFC4001C0001000203010101000000000000000000000203010405060708FFC4004C10000103020303050C0606070900000000010002030411051221133161064151718107141522324252559193A1D1236282B1C1E133345372C2F04354739294A2B22425456383A3B3D2F1FFC4001B01010002030101000000000000000000000002030104050607FFC400391100020102020608060104010500000000000102031104122131415191D105132252617181923253A1B1C1F014063342E1F123436282B2FFDA000C03010002110311003F00FB8A0080200802008020080203C772E797F061A442C69A9A978BB6061B0603B9D23B5CA386F3C06AABA95144BE950753C8F99621CACC66A892FAAEF569FE8A95B9081D19EF9BFCC568CF16F6723A30C1456BE668370D925179EAABA5D773EA1CE1F1BAD5A98AA9AAC8D98E1A065BC9EA6F384E7FEB11F82A1D7ABB2DC097F1E26C4383C0CFD1CD88407A62A803F05858AC4C7565E0F9907864CE8D3C9591FEAF8CD636DCD5519A91C35738FDCA6BA4B111F8A9DFCA5CD14CB089EC47561E50E3ACF22AF0BA9FED5A6271EC681F7A9AE994BE38497A27F629960D6E66FC3CB6C6D9ACB87D2D481BFBD2A435C474804B8FC15D4FA670F2766EDE69A2996112DACEB613DD428A4904158C9F0F97D0AC618D87EDF30E2E002E942BC24AE9944B0F25AB49EE18E04020820804106E083B882AE283280200802008020080200802008020080200802008020399CA5C5851D25455385F61139E01DCE7EE6B7B5C40ED5193B2B9284734923F3EE18C7C85D53392F96A499647BB7F8C6E070EAECE60B915A6E52B6E3BB4A0A313B1140ABB12723A5494BE2F6FE015735A4CC67A0BFBCD47299CE45D44994672A751A58CE7297D2258CE72A3139A6ED24710482A2E29EB2574CD838A6766C2BA3655C27CD947D233EB4720D5AEE215B46A754F568299E1E32D31D0CDAC171A9305744E6C9254E1750FD98CFE34F4329F34F0F81D79FCAEB52AAAD75A8E756A2DB69E897DCFB145235CD0E690E6B80735CD376B9A45C1079C2DA39E4900401004010040100401004010040100401004042695AC6B9EF21AD682E739C435AD68172493B8203E39DD3B97F4D5D4B361F40D9A62E7479A70DCB0788F0EB0BEA75035B01D6B5EA568EA37A861E69E63CF52D801C2C1724EAB474619029220D1D4A19058F5FE0A13D6612D06EB1C1451868B400A440CEC82CD85C83A9C258663567A60A2D138C8E4D54365068BE2CB306731C64A4A8D61AC6ECA41E8B8F9120E820D8DD4A159D3BB2188A79A3996B47ADEE3D89C860A8C36A0DE5C32630DCF3C04BB211C2ED776655DAC3D453826B51C6C4C2D2CDBCFA0ABCD608020080200802008020080200802008020080F8EF762E503E6A86E15138B638DAD9AAF29B17B8D9CC88F502D36FAC0F9AB531352CAC6FE0E8DFB4CF1F053868000000DC06E0B98DB6CEB24917875960C9AB0E2AF909EF78269C0D0B98D397B342ADEAEDF13B14E7BFC2AE6D438F986FDF1054C234F19D192C1F8FC146545CBE169998D44BE24D1DAC3F19866FD148C71F46F95FF00DD3AAA26A50F89135965A8E9B6A08DF70B119A7A88B81B0CAA562910702CEF80B372190A66982C5C9289CCAA702A0CBA28E6486C6E398DC2832E48F4BC9AA9D8F281AEDCDC5281AFE0E99A2E7B7E88FB56EF4449F5791EC6D7E51C6C543B3E4CFACAEC9CE08020080200802008020080200802008020080FCE5894DB6C471294EA5D5AF8BECC64B40F601EC5CBC4B79B89DAC32B417A1B0635AA6D5CA2565C10771041EA5824767B9BD49348E88EF8257B3AC1D7EFCCA75D76EFBC8E1DF62DB8F6B406E5CD3A82371D41FE6EAA42BEA473F15E4750545CBE0631DBF3C3F42EBF4E9A13D61495492D4CD5B1C67724AB69FF0052AB12B46E86B5BB416E8CFBFEE54D4C92F8A1EB1D0F8125292DA52EAA9E2D2B682A1834BCD4445545D793781ED54C15DDA151794959F1D467AE6B596D3D7D0CBA475D031DBB67541F48F07A3C7016F470F51AD23F90B6AE06D9A0B8BF7CD0DBD2EFB872FDEB3FC69EF5C497F221B9F039D55598646E11C98844E7BBFABC5254C4DEB7B459278692575A48FF0025EC8E835ABE94C646AD7B5ED0F8E461CD1C919DCE69E70B4A33BDF7AD66E539A9ABA258B54BA3A6C3F1265CBB0BAC0C900DE69E42081DA5B97ED2DFC1765B68D0C4C3B6E3BD7EFE0FB9432B5ED6BDA416BDA1CD2371691705768E29340100401004010040100401004010040100407E6F733256E20D3CD88D47B0BDD6FB972F11F17EEF3B741F617A7D8E8B96A97A356558268DCEE7274ACE8EF8F8DDF75656D9E488D0FF002F33DCD13ECF1C411F054B33574C4E817A81AC633A0B126C96DC6CB0D27AC58C4ED8E5169A28261D12C4C93EF0AFA75A50D08ADD28B39E793D869D4E1F45EE4057FF00325B911EA3C59BD474F0402D4F4F4D003A1D942C6123A09B5D5156A3ABA1925463B5B6797AFC244465A68C5A2903EB2907345203FED14E3A1A7307B47EFF0042E5CAA3552F2D6BB32F15FE32FC3F42DA12709D9ED3974CDCF458A42750EA27CA07D788E6695D4C2CED2B3DA5D8B8FC2FC4FA6F736AA32E1342F71B91008EFF00D992C1F06AEDD37D94706B2B4D9E954CAC20080200802008020080200802008020080FCF5CAF87638C624CDC1D24338E39D8D738FB5EB9D895DA3B184778230645A46E58D4AEAA6C6C2F7730DDCE4F300B318B93B212928ABB3BDC80A37474A1CF1674EF74C7A8E83DBA9ED59AAEF2D0628AB42EF69EA586C41E821576332D28E8B9566B91BA19174066E8609072C8260A029AC683B327CC9039A7A0D8823B5A5CDFB4B9DD234DE5EB1793F2D9C1D88C96D3C654B763062C79994B3463ED9B056D0AD9A54BFF0026BFD9B359DE317EBF43E8DDCC602CC22841E7873F63DCE78F8382F594D5A2706B7C6CF50A654100401004010040100401004010040100407C4FBB1D26CF14A7986EAAA47447F7E37137F6162D3C52D173A581968B1E676E03339D006DC9E002E6DB4D8E9DD25764F933809AE70A9A9BECF31D945CC5A0F94EE1CDEDE6DF74E593B31F52BA70EB3B73D5B11F468A10D160A82D94AE48B54AC54D9BACD403C156D6929632AC585C654B0B8B2C585CC8082E58D0B260D6C663269E5CBBDAC2F1FBCCF187DCA338A945A6651E0394D52461950E3BEA1F4CCE26C6EEFB96960A17C5C56C8A932D9BBC1791F70C1297634B4F0FECA0863FEEB00FC17B08AB248E0C9DDB66EAC91080200802008020080200802008020080203E61DDD69FFD9E86A06F86AC309FAB23493FF8C2D7C42BC4DBC1CAD33E538A1258D81BBE59445D97FE476AE7D35DACDB95CEAD57D9CAB6BB1F55C1E8C45131AD1A35AD68FDD02C3E7DAA8D6EE6C4FB29456C37C35492286CCE452B15B66CD3374B7428C915C996E450B18B98C8961731912C66E64312C2E4DAD58B18B927301041DC458F5143299F1EA899D50EA3A176BFEF4103874B4BC0B7F9D67078650AEE5BE2BEFF00E89D476A4DFEEAB9FA3D7A038610040100401004010040100401004010040101E63BA46046BB0DA8859ABDA04D15B79963D728EB199BF6942A2BC4B68CF2CD33E0582DEA2B28CF0748E1D0F60B9FF4DFB57324B2C6476A2F35481F64840B0B7405AE8B66F497B58AC48A24C9062958ADB2C85B63D7A2C496822D9B39142C42E6322C585C644B19B8C8B1617241AB1617042CD8923E73C9BE4BD4498F995AC269E9EAA5A974976E50E73496B6DCE73340EC2B7B0A94B56C2189938C2CF6EAFA1F6F5D039610040100401004010040100401004010040100407CBF1FE44D2D054B310A7DA0DB4EF6C91B9CD3147B4049C800B81E56F2778B2E7E3639629ADE75701533C9A7AD2D06FD079394F9A4B7D8B4A2742AEBB9BCC6AB51AB22D0C52B15364B22CD8C5CD96B6E2EAB68ACCE44B0B8C8B1617319162C66E0B562C651023A79B53D4962688F20A3263A8A83A77C4EF737F747E648EC5BF818F61CB7B29E91976E30DC8F50B74E784010040100401004010040100401004010040101C9E55516DA8E6601721B9DBD3998735875DADDAA8C4433D368D8C254C95A2FF749E37099F36577ED180FDB6E8E5C88B3BD5168F23B31857235246C35AAC452C9E452B10B96C239945A2122CC8A363171952C2E60B546C6515B828B44D1CDE50CFB2A591C3CA93E89806F25DBEDD97496885F797D059AA25BB49E9304A2D853C30F3B1803BF7CEAE3ED2575A94324144E5D7A9D65472DE6F2B0A82008020080200802008020080200802008020080203E6B534BDED533403401DB7878C677B4750D3EC95C5AB0EAEA38F03D150A9D6D252F47E67669DF7008E7598B2A9A372357235E45ED0A654C9342588B2FB28D88182162C6515B945A268A88B9B0E7D142D72CD4736A23EF9C420A71AB2906DA4E82F16B0F6E5F6956C639EB28EC892CDD5E1E53DB2D08F62BA6728200802008020080200802008020080200802008020080F33CB7C39CF8DB5510FA4A625C7EB43E70ECDFD575A78CA59A3996B5F637F015B2CF23D52FB9C7C36A01032F92E199BC3A5BD8573E0CEA5489D789CAF8B35248D96156A2868B42910B1630F32C322D07151612297955B2D48A67A96C114950FDCC0728F49FCC02CA7962E6FD0CE57392A6B6EBF231C8AA073217544BFA4AB76D4F488FCC1F127B56CE0E9E58667AD95E3AAA94F2475474733D12DB344200802008020080200802008020080200802008020080C117D0A03E5F89BDB47573403C58F3B5CDBFF4799A0E9C35B7500B895A3D5D4715A8F498793AB4949EB3BB49517EBFE750A519154E1637E3915A99AF28970914EE56E2676B64B98CA4CC97516CC289002E7A00D49E80A295C93D08E462719A9AEA6A393C588336C59CEFB66F15DD797E2B2E39EAC60F56BB1384BABA12A8B5EAB9ED00E85D4392650040100401004010040100401004010040100401004042695AC6B9EF21AD634B9C4EE0D02E4ACC62E4D25AD989494536F523E7583F2CAA7BEE192A4814B5AF9228C6568EF7793F4399DBFC600EA7AD766B6069F56E305DA8E9BEFDFF00E8E5D0C54DCF349E87B375F57FB2AEE8700EFB75FCFA7638F639C3F8578CC7E8AB7F2FC9ED7A2DDE95BC59C9A1AF7D3D9B25DD1F9AF1AB99C0F485AD09DCDC94133D2D1E2AC70073023D206E3F257A99AF3A2CE832A01DC42B148A1D332664CC61408B6B5ADD1C47B7775F4283A891995276BA35AA718BF8B0FF007BCD6F1E25553C4E55A35918D0BBBC8B30A39B1466B7C94635E7BE9FFB2DBC2BCD5AFE1C8A6BAB619F8C8B79558BD53AA62A0C35ED6CB95D34CF7343DAC601E230DC102E7E042F4D85A34E34DD6ACAEB525F7679AC4D69BA8A952767B7F7EBC0EEF27713EFAA68E6232B882D959BB24CD395EDB736A0AD4C4D1EAAA38AD5B3C9EA36A854EB209BD7B7CF69D2541704010040100401004010040100401004010040101E3BBA46224431D130D9D56EB3C8DEDA76EB23BF0F6AE9F46D2BCDD47FE3ABCDF239DD21572C1437EBF25CCF3ACA48E489D04CDFA395A1A40DEC03C8737A0B6C2DD4BA73BA69C75AD4722954CB2BBD4F59A35B513C92369EAFC69A0A67304A3C9A980662C9871B1B1E21797E9AC1DED88A6BB2F435DD7C9ECE07B4E84C6452EA64F4DEEBC5735FEF797D2B439A39EE02F3563BF37A4C1C205F346E7467EAEEF62B15C8F5AD126D2D5377398EEBB83F0B295999EBA2F593D8D59DE58DED27E696911EB220E1EE3FA57B9FC078AD516998CF737A1B5ADBADCC3EF5AF38D883D66BC38E0A4A99E6CA6491D03608621BE499C5961D5A2EEF41E1655EA393F852D2FF0076E8395D31898D0C3C63FE4DE85C74F923A181C0FA76492C8ECF5354EDA4F26FCBCE183805EA6ADAA4924BB31D48F1FD6B826EFDA7B7F779D4C1EA0415AE66E8F11699D9D0DAC8C01337ED0B3BB16AD7867A3E34F47FEAF57067430F53B77D93FF00E96BE2BEC7AC5CE3A210040100401004010040100401004010040555150C8DA5F2BD8C68DEE7B831A3B4A946129BB455C8CA718ABC9D8F335DCBEA3612CA7DAD5BC69969D85CD078B8E96E22EB7A1D1B55E99DA3E7AF81A7531F4E3F0E9FB717FECF2CF74D5553255D447B22E6B228A22E6BCC708D48B8E7275F6AE9D38C6941423B3EACE4D7AAEAC9C9EDFB6E37846B398A7299969DB286B6425AE8DD9E199A2EF85FFC4C3B8B79C2A671D6D2BDF435B1A366855C8D27E8F732B7E1B234DD8D04905C6361B83D2F88F9CCE1BC73AF278DE8EC8DCE96ADDB51ED307D24AA4546ABD3BF632CA7703A738DE0E84762E7256D66FC8DD6302B52296CCBD811A3099A73AAA45D138F5F8936120005EF768C89BABDE7E5C56E603A2AAE35DF5416B97E16F7FACD3C7F4952C2472BD337A97E5EE5F7D86CE0F8590F3535195D33F701AB216DAD95BD26DBCFF27D8429D3A14D51A4AD15C5F8B3C3D7AF52BCDD49BBB7FB65B92FDD276C3562E559455533E588B22204B13D9534C49006DD87C9B9E670B8ED554A4A13527A9E89793E46DD0BB8B86DD6BCD1B6CE5BB2221B88D3D4D11F4DEC32D3DF848CD0AA3F819F4D19A97D1FD4E82C665D1562D7D573FA1E8A83128276E68258E51F51E1D6EB1CCB4EA51A94DDA69A366156153E1699B4AB2C08020080200802008020080A2AEB2285B9E67B236FA4F73583E2A70A739BB455FC884EA460AF2763CC567740A504B2959356385C7D0B08881E873DDBBAF55BD0E8DA8F4CDA8FD5F0469D4E90A6BE14DFD17D791C7A9C7F14A8F24C344D3E88EF8A8B74127C51D616E43078786B4E4FC74234AA63EACB568F2E6F91CFF0231EECF52F9AA9DE95448E78EACBBADD775B1D665568E85E1A0D46DC9DDF3674E0A60D01AC68681B83406B476055B90CB72F6C2A0E44D40B040A39C9E430E856548C3818B8B6478CEC26F96E5AE6BBD36386AC771165194149DD687FBAF793A75654F43D28C494F980264DA78CD6473BC06CF1BDC6CC8A7B68F693A07E86E403BEEB938DC146A694AD2F0D4F9791DDC0F4838E86EF1FAA2B827DE1C2C5A4B5C0EF0E1BC2F3FA9D99E81ABE944A5980173CCB0E4144F355588CD3C861A6001162F91FAB2307769E73B82F41D1BD0F09C157C4694F5477ADEFCF71C1E93E989529BA3475AD0E5E3B9796D7F437B0BC2990DDDABDEEF2A57EAF7701D03805E81CB4249592D496A47977272777B78FAB3B14E2DD4A99BB938C4DE6C4A8722E5025B258CC67216B2A2468B5EE0E85AEF19A4751517083D84E352A47533975381D148ECFB134D26F1351BCD3B81E9CA3C527B1591A95A0ACA575B9E90E54E4EF28D9EF45B0478941FAAD64558D1FD156B4C73DB84ADF28F5D95737425FDCA6E2F7C75702F84EA2FEDCEFE12FDFC9B2396861D311A4A8A4E99437BE29BAF68CDCABFE0C67FD99A9786A65EB16E3FDD835E2B4A3D061B8BD3D48CD4F3472F3D98E05C3ADBBC2D4AB42A52F8E2D1B14EB53A9F0BB9BAAA2D0802008020385CA7E5345441ADCA669A5D22A761B3DFF00589F35BBF5E1C0DB6F0B8495777D515AD9AB88C5468AB6B7B8F29538DE2951A6D21A369F3616EDA6B74171D01E2174E184C3D3D999F8F2397531D565A9DBCB9FFC1A0CC0E273B3CE64A979DEFA879949EC3A7C16C758D2B2D0BC341AB76DDFFE4EA4700000000037002C0762A9C8CA897361517226A05CC8141CCB140BD902ADCCB1532F640A0E658A99608147313C845F0ACA911703565895B1914CA0554F135C5D13EF9276BA27D8D880E160E1D041B1BACD5D31CCB5AD2283CB52CF53D072A69DC7672BFCB709209EDA0EFB81C637BBB6D7ED5E5BA5A92A55B34754B4AF53D9745D47568E57AE3A0E76335B9623C74ECE75A584A2F115E14BBCFE9B7E86E622A2C3D19D67FE29BF5D9C598E4BD365843CF9529323BA6EEDDEC161D8BE8955A5A16A47CD1B7295DFEEFF00A9E8218D6B4A45B189BB142A8948D98C0DD859CCA9932F8C4B8C4A1989E42B742A4A441D32A742A4A456E995BA252522B70271CF233C971B741D47B145C212D68CC67521A99CDACC168A639A4A711BEF7DB52934F2077A5E2E84F585646A5687C12D1B9E932E74E7F1C7D519829EBE0FD4EB9B50D1BA0C41A73F56D9BA9F605094A94BFBB4ADE31E45D09497F6EA7A4BF7F275307E53B9D377A57426927233460BC490CEDE98DE34BF0FFE2A2AE1164EB294B3476EF5E66D52C4B72C95159ECDCCF48B48DB080D0C73148E929E5A897746DBDB7173B735A3ACD95D428BAD51416D2AAD555283933E6B86B2492492AAA7C69A6D5D7DD133CD89BD000B5FF25E85A8C22A11D4B5733CE4E6E726DEB3AF1C6A97233189B31C2AB722E8C0D8640AB732D54CBD902ADCCB1532E6C2A0E458A05CD8541C8B140B1B1A8B9135127B358B99CA45F1ACA645C4D49A356C5944E273A66D8DC732D98BB9AB3563938F68FA8B6E7BA96B5BD00C8C30C807DA8EFF006970BA629DF0F19775B5F947A6E84ABFF5DC7BD1B9E571E39CC717ED1C1BC6CE2013ECBAABFA66966C4CAA7763F57A3ED7363FA8EB7578450EF4BE91D3F7B1EBE8E3B35A382F553776787823A74EC5AD366DC2274218D6BC99B7089B4D8D54D9728963428364D232589730E241D1A96622E056E89494883815BA252522B74CA9D12929153A652F8D4D48AA5035EBE81B55177BC84B5C0E7A79879704E3C9703D1CC474229BA52EB23EAB7A2707997572F47B99D3E47E30FA889F1540CB514AFD85437A5E374838380BDD6AE328C6125287C32D2B97A1D1C2D5738B8CFE28E87CCEFAD4368F05DD1EA73CF4949E6B73D64A3A5ACD23ECCD75D8E8CA7684A7BF42FCFE0E4F4954D2A1BB4FE17E4D2C399E236FBCF8C7ACADDA8F49CC823A70B16B499B3089BB146A8948D98C4DA646AA722E512D6B145B26A2581AA372562402892B120864CAC1922E594459AD3056C4A6473AA02D881A9511C5E508F12377D49A13C4E6648CFB9FED5A9D214F3E1EAC7C33703A3D1357257A6FC6DC747E4F2F147B4AD887ECD8E90FFA7F8943FA6E9E4C2CEA77A56F48AE6D977F53D5CD5A14FBAAFEE7CA27B2802EB48F3D0474A9C2D699B94D1D0882D791B51361AAB2E44960C990E4B033658060859B98B102D59B9868ADCC524CADC4A2462B1329944D591AAD4CD69A34C49B1C529671A36BE1929A6E833C401638F122C3A828A8E6C3CE9F71DD793D66D4276AB0A9DED0CF6AB9874CF99F2B5D9B13A8FF0097451B3AB3BB32EFE055A847C5B383D20EF55FA7EFD4D9A61600700A5335A074615AF236A06EC6552CD989B0D72ADA2D4C907AC58CDCCED163299CC6768994661B44CA330DA265198C1913298722891EAC48AE4CD19DCAF8A35A6CF3FCA5972D3B8EFC9246FF008E43F07956AA4A6F2BDA9AE2570ACE9E95B34F0391C9F666A8A893D1D9C6DF8970FF004AABA368BA382A707AECDBF56D9B3D335956C64E4B55D25E897E6E7A9855F23460742072D79236A0CDD8DEA868D98C8B848A194B3319DAA651986D1328CC49B32C389953279D46C4B30CE961722E72CD88B6532153455235255744D699C5E504B6F07BBF6789C1AF435CD783F7056D18F6E7E306454FB315BA48FA0AE31DC3E618B1CD8A621F55B48DFF00213F82F4386D18787AFDCF3B8D7FF5A5E7F846E44E5992298B37229153246C4646C36655B89729960A850C84BAC33DF0990CF58676E99075836E99075836E99075836E99075860CE990C75856F9949448B99AD2C8AD8C4A65238F8EC7B4A79DBCE627DBAC3491F157C3434CA6FA4E67245BF42E93F6B2BDDECB37F855B5FE2B25A8AD6A573D146E5AAF33D8589A36E39541C4BE32361B32ADC0B54C9EDD47213EB0CEDD320EB06DD320EB06DD320EB0936AACA2E0CCAA85A2A147219EB06D9328EB083A55948839944922B1229948E072A9F6858EF42A699FF00F700FC56D61E379FA329CD63E9775E7CF487CC71BA4AA86BEB2414B533B67744E63E08F68DCAD65AC75D0EABD061AAD39518ACC9596D763838BA353AD6F2BD7B137BB7148AAA9F57E21EE3F356374FBF1E28D754AA775FB5F22C6D754FABF11F71F9A8BEAFBF1E289A84FBB2F6BE44C62353EAFC47DC7E6B1969FCC8F14672CFBB2F6BE467C2553EAFC47DC0F9AC65A7F323C519B4FBB2F6BE43C2753EAFC47DC0F9A65A7F323C50B4FBB2F6BE43C2753EAFC47DC0F9A65A7F323C50B4FBB2F6BE43C2753EAFC47DC0F9A65A7F323C50B4FBB2F6BE43C2753EAFC47DC0F9A65A7F323C50B4FBB2F6BE463C2753EAFC47DC0F9A65A7F323C50B4FBB2F6BE43C2751EAFC47DC0F9A65A7F323C50B4FBB2F6BE460E2551EAFC47DC0F9ACE5A7F323C518CB3EECBDAF910757D4FABF11F71F9ACAEAFBF1E288B84FBB2F6BE454EABA83A1C3F10D74FD0737B54AF4FBF1E288F5553BAFDAF91A784B2AA086384D0D792C0412D83C52492491AF15294E9C9DF3C78A12A551BF85FB5F23745654FF0050C43DC7E6A37A7DF8F141529F75FB5F22C6E2153EAFC47DC0F9A8B54FBF1E289A84FBB2F6BE44C62553EAFC47DC0F9AC65A7F323C512CB3EECBDAF919F09D4FABF11F703E6B1969FCC8F142D3EECBDAF90F09D4FABF11F703E69969FCC8F142D3EECBDAF919F09D4FABF11F703E69969FCC8F142D3EECBDAF90F09D4FABF11F703E69969FCC8F142D3EECBDAF90F09D4FABF11F703E69969FCC8F142D3EECBDAF9196E2B523FE1F88FB81F35870A6FF00EE478A3369F765ED7C8B7C2F51EAFC4BFC38F9A8F570F991E28CF6BBB2F6BE460E2F51EAFC4BFC38F9A7570F991E285A5DD97B5F222715A8F57E25FE1C7CD4B243E6478A20E13EECBDAF91A38B8AAAB88D3C7435CC73DF159D2C4191B72C8D712E75F4D015653953A72CEE71B2DCC8F53525A145E9F07C8FAA652BCF5D1E8AC494490BA03174060B9011322020664040D42020EAA4056EAC4040D7202B35E8089C41011388A031E12403C24800C45012188A0262BD01315C80B1B58809B6A90160A8404C4C8098910120F40673203374010194061011280894041C80A9D74054F05014BC14050F050143C14052E05015381405641404482808D8A016280900501200A02C68280B1A0A02E60280BD80A02F60280B980A02E6DD016350160404820241004065018B20164044B50182C4044C480818101034C8081A44040D104040D0202070F4060E1C80C783900F07203230E406461E8090A0404C510404C52202C14C80988101211202623406435019B2033640650040100401004060A00802005018280C203080200501840101940101940101908004065004002032802008020080FFD9, 'Waiting');
INSERT INTO `pcs` VALUES ('CSP', 'CSP');
INSERT INTO `proxy` VALUES ('Proxy', 'Proxy');
INSERT INTO `proxy_pkc` VALUES ('1', 'Venkatesh', 'Ecommerce.txt', 'Yes');
INSERT INTO `proxy_pkc` VALUES ('2', 'Venkatesh', 'Android.txt', 'Yes');
INSERT INTO `proxy_pkc` VALUES ('3', 'Venkatesh', 'Cloud.txt', 'Yes');
INSERT INTO `proxy_pkc` VALUES ('4', 'Manjunath', 'EBanking.txt', 'Yes');
INSERT INTO `results` VALUES ('Ecommerce.txt', '127', '8192');
INSERT INTO `results` VALUES ('Android.txt', '104', '9216');
INSERT INTO `results` VALUES ('Cloud.txt', '101', '4096');
INSERT INTO `results` VALUES ('EBanking.txt', '113', '5120');
INSERT INTO `transaction` VALUES ('1', 'Venkatesh', 'Ecommerce.txt', 'No Key', 'Upload', '17/09/2021   15:52:43');
INSERT INTO `transaction` VALUES ('2', 'Venkatesh', 'Android.txt', 'No Key', 'Upload', '17/09/2021   15:53:29');
INSERT INTO `transaction` VALUES ('3', 'Venkatesh', 'Cloud.txt', 'No Key', 'Upload', '17/09/2021   15:55:41');
INSERT INTO `transaction` VALUES ('4', 'Ashok', 'Android.txt', '[B@40d611', 'Downloaded', '17/09/2021   16:28:50');
INSERT INTO `transaction` VALUES ('5', 'Manjunath', 'EBanking.txt', 'No Key', 'Upload', '17/09/2021   17:28:15');
INSERT INTO `transaction` VALUES ('6', 'tmksmanju', 'EBanking.txt', 'No Key', 'Downloaded', '17/09/2021   17:30:31');
INSERT INTO `transaction` VALUES ('7', 'tmksmanju', 'EBanking.txt', '[B@1ad0d89', 'Downloaded', '17/09/2021   17:31:21');
INSERT INTO `user` VALUES ('1', 'Ashok', 'Ashok', 'Ashok.123@gmail.com', '9535866270', '#782,7th Cross,Malleshwaram', '05/06/1987', 'Male', '560011', 'Bangalore', 0xFFD8FFE000104A46494600010101006000600000FFDB0043000201010201010202020202020202030503030303030604040305070607070706070708090B0908080A0807070A0D0A0A0B0C0C0C0C07090E0F0D0C0E0B0C0C0CFFDB004301020202030303060303060C0807080C0C0C0C0C0C0C0C0C0C0C0C0C0C0C0C0C0C0C0C0C0C0C0C0C0C0C0C0C0C0C0C0C0C0C0C0C0C0C0C0C0C0C0C0C0C0C0C0C0CFFC000110800C900BC03012200021101031101FFC4001F0000010501010101010100000000000000000102030405060708090A0BFFC400B5100002010303020403050504040000017D01020300041105122131410613516107227114328191A1082342B1C11552D1F02433627282090A161718191A25262728292A3435363738393A434445464748494A535455565758595A636465666768696A737475767778797A838485868788898A92939495969798999AA2A3A4A5A6A7A8A9AAB2B3B4B5B6B7B8B9BAC2C3C4C5C6C7C8C9CAD2D3D4D5D6D7D8D9DAE1E2E3E4E5E6E7E8E9EAF1F2F3F4F5F6F7F8F9FAFFC4001F0100030101010101010101010000000000000102030405060708090A0BFFC400B51100020102040403040705040400010277000102031104052131061241510761711322328108144291A1B1C109233352F0156272D10A162434E125F11718191A262728292A35363738393A434445464748494A535455565758595A636465666768696A737475767778797A82838485868788898A92939495969798999AA2A3A4A5A6A7A8A9AAB2B3B4B5B6B7B8B9BAC2C3C4C5C6C7C8C9CAD2D3D4D5D6D7D8D9DAE2E3E4E5E6E7E8E9EAF2F3F4F5F6F7F8F9FAFFDA000C03010002110311003F00FDFCA28A2800A28A2800A28A1982F24E28018D711A64B3AA819EA71D3AD727E3BFDA07C09F0B98AF897C65E17D01D7AAEA1A9C36CCBF50EC08FC6BF0C3FE0E34FF0082EF78FF00C27F1FFC43F03BE11F88AFBC19A2F84DBEC7E27D5F4ECC5A86AB7863DE6DA39C02D0C11AB00FE582CED91B80CA1FC31F17FC47BEF1B6AAD757B7136A77E5CEEBCBD779E73CFF007DD8FF002CD007F5D3FB4F7FC1C3DFB267ECD17773A7DCFC53B0F18EBF6FB87F667846D9F5A90B2920A3CD12B5BC641E0879148F4AFCE3FDADBFE0F18F10EA9637BA7FC13F87565A07985A38B57F1438BD9635C901D2D61754CE3046E930A7A87EFF0085EBAA5DDDB796269444E003B4938C771C8183FEEFE1576CB4D96EA401D9817E7B7F4A00F63FDAABF6FDF8B1FB6FF895B55F8A5E3DF10F8CEE50930C378C89696A724FEEADA2096E83D088C103D2B83F857F1EFC55F043C7DA5F8A3C21AF6B1E16F1168F289ADF50B09DA3BA85F39E19480C33D54E14F70D55AC7C3380015C9029E3C2827772A84ED273C81401FA0365FF0007567ED7B0F81EDF497F15F83E4BBB784467576F0AC2FA8DC9000CB10EB0063D495840CF45038190FF00F07457ED8F06547C4BD30AAF009F09E94C4FE260C9FC6BE15D4FC3A2D6D50AA1C9007E359577E19660FB890C870C3D0F71401FA3FE0FFF0083B3BF6B5D027B76BBD6BE1EEBA223878F51F0AA209067925EDE48C8661FDD5C0CF4AFB7FF00655FF83C6FC1FAEC16963F17BE196A7A0DC3304B9D53C31702F6D48FF9E9E4485655F52A0B11D32D8C9FE79B54D15E05251893F5AAFE1EB996DB50C9FDDB29C0C756F7A00FEDF3F640FDBAFE13FEDD3F0DA2F13FC2CF1A695E2BD3942ADCC50EE86F2C1CFF0004F6F2012C273C7CEA01C7048E6BD741CF3EB5F88FFF000683FEC5B79A07C3BF16FED05A9DCDC451F8A7CDF0D68D608FC4F14132FDA2EDC70188957CA4CE4AAC6FD8827F6DD376C5DC006C7201C80680168A28A0028A28A0028A28A0028A28A0028A28A0029B2A96180334EA6995464E4900E3A13401FC98FF00C1CF1F07ADFE0AFF00C159BE24FD95645B7F1625978918479DA8F71028940F463242CE4F43B88AFCEBD36D43C9B80E4F35F777FC1C41FB52699FB587FC1513E266B7A25E7DB743D1E487C33633C6DBA2BB5B30D1BCA87BA995A500F42141190413F1169160CAE064119C0627686FCFD68B81A9A5E9636A9207205753A268AB713C45141DAA33DBB53FC25E059AFF006168E45CB04C1183B8F007D73C57D4FE1AFF008252FC72D47E19D8F8A2CBE17F8B27D2AEFE78E54B51E632633BBCACF998C772BCD4CA718FC4EC546127B2B9F3F59E88396DBC2F5ABBA4682B2B4AA172CC4B63DABBED6FE126B1E07BB96C75AD1B53D22F067F717D6AF6D2FF00DF2E01FD2AB68DE18921B92ED0B842B8071914D3B92F4DCE2353F0F279B1129948973F527A8FC2B2358D023B6B460012EFC8E3935E97A9F871892A236CFE9F9D769F0A7F617F899FB4BDF5BC1E0CF0578875925571730DA32DB47C7F14AD88C7E2C28949455E5A0E3172D23A9F28EB7A47908AB2011B30C8DC40CD7377B682CAE84806003C9AFAF7F6C5FF0082737C4EFD8EAE74F8BC7BE1F7B18B598BCC86EE2992E2D4B91931B4919651203C100E33D2BE5CF10E86F046E3CBD8A84AE0B0CAE3B1CF7FAD28CE32578BBA1CA2E2ED25667EC1FF00C1BF5FF070B7C3BFD86BF66EB4F833F16ECB5DB4D034CD52E6FF0049F106976DF6F4B68EE6469A486E6DD73200B2BBB06895988619039AFDEEFD98FF006A7F87FF00B627C1CD37C7BF0D7C4FA7F8ABC2BA9EE58AF2D96488A3AFDE8A48A455962917BC722AB0C8C8E457F0D96B7B3E9D7C1229022B1E46DDA457ED2FFC19FDFB4CF897C33FB5B78BFE1509AEAEBC29E2FF000E4DE20920DC5A3D3AF2CE6B7884A17185F392E0AB3772B1F706A893FA2FA29131B0630463B74A5A0028A28A0028A28A0028A28A0028A28A002B89FDA2BC39ADF8BFE00F8E748F0C5C4B65E23D5340D42D74AB8460861BB7B77589812401FBC20E49038EB5DB546D1B3EE07807FF00AD83F85007F09DAA69724D2470C90CD13C4A15925C878C8E0AB679DC082083C820E79AFA0BF607FF00827E78AFF6C7F1CCF61E186D2AC20D304726A77D7D29586D61918804A2E5A56241C281818E4815F4B7FC1C45FB062FEC75FF00051AD6EE74AB136FE13F8A523F8A74808A04514AF2817902E3A6DB893760E302E13D457B67FC1B99E1089BC25F12B5275DA67BCD374F57F4DB1DCB30FF00C8919FCAB931D5E54A84AA477475E06846AD65096CCFB2BF600FF823EFC2BFD9663B1D465D220F1878A2D76BA6ADAAC4AEB6AC00E6088E521F62AA5F1FC6BD2BEF5F0D42208D0AC71A16EA0601C761D3000AE33E1BDA8302EF015DC038C8F4AEEB485DB36D009DBC57C93AF3AB3E6A8EECFA78D18525C905645FD5BC01A278DEC1ADB5BD1747D5ADEE136CB15D58453C720C7208718C7E06BCDF5CFF00825FFECEFE23B959EE3E0BFC3A8A427731B4D223B5DE4F249316DCF35EB966CD1A2E410302B5239731A9C8E457A346AC92DCF3EB528B7B1E33E16FF8274FC06F871A8C77FA2FC20F8776D7D11CC770DA2C334F11F5124AAEDFAD77B7BA345A4DA2C568B0D9C0836F95044B1A607601028C7E15D15C5C7984AA9C91C563EBA0888E4609A8C454725EF334A1051692478AFED13F09B43F8C5E09BFF0FF0088F48D3B5BD0B518DA3B8B5BA8FCC4CF67E71961D88C6DF7AFC10FF82B37FC127A7FD96A19BC59E18BC8EFFC0735CADB04B839BCD3667621637271E6264603004E002715FD1178C628FF00B3DC1237357E7FFF00C165BC127C4FFB0EF8FA30CACD62B6DA828C7DCF2EEA1DC7F042E7F0ACB038B9D2AB18C5E8DD99A6330B0A949CA4B547F3AADE1A2978EE6372909FDE3ED3B53A753DBA8EBEA3D457F523FF0006DC7FC13363FD897F632B4F18F88B4BB7B6F893F14618F53BD665065B0D3C8DD696D9E4A168D964917FBEE4100A003F187FE08B1FF04FD97F6F1FDBE7C29A25FD9ACFE0BF0C4ABE22F15BC99282CE26674B723B9B89F647CF2633263EE0AFEAEED2CE3B1B68E38502246A15547000030057D833E513D0953845182303A7A7E54B40CE06460D148614514500145145001451450014514500145145007C2BFF0007037EC31A77ED99FB036B9711DB07F197809CEB7E1C9D0012EF002CF6C18E3093459CE481BD236FE115F9EFFF00040ED10E83FB2AEBD7E236336B3E279E624AED3FBBB7B78B6907904345270704126BF74BE2358DA6ABE06D72DAFCA8B496CA65959D7288A50827F01CD7E6F7C20F859A2FC26B09EC7C3D6A96167AA6A171AB3C0A061679D8BC8C31C60B31C0ED5F3F9F621C697B3EFA9EF645414AAFB4EDA7DE7B1E85E36934B2A1242554601E7915DAE83F19560540E57200C935E616FE1E96E243B37124D6B69FF0AEEAE8870EE0BFCD8C8E2BE6294DEF73E92AC13763DBFC3BF1321D4B69DEA43007A1AE8D3C431C8010E3079E86BCA7C09F0F2E34764696462303AB035DEDB6905937073B4576C2ACCE2952896F56F1A25946CC0AE13826B83F147C63891D90CCB90703835B3E27F0A36AB6722248433138E715E5DE24F8417535C02B239DA79F9854CEAC9AB334A74E29DC5D6FE21BDFB38126412718CD7857EDA7E1B3F127F674F1F68610CE755F0EDF44BEBBDA16DB8CF70E47E55EBC9E059B4A918BEE60A7B915CDF8CF4C55BA8918875909DC84718F43EB5C94EA38D44FB1D33A4A54DAEE607FC1B3FF00B345A7C10FD8AB51D56EEC7C8F1978C7508B53D466641FBBB5688359C20F525236662A780F29F4AFD2B07201F5AF22FD8D347B2D1FE03E98F650450B5CCF70D288C602949DD02E3D940007A57AE46DBA3523382335F7D849CA5463397557FBCF84C4C231AB2847A682D14515D2601451450014514500145145001451450014514500725F19BC197FF103E19EB5A469F39B4BCBD8192393230DDC2FB67A57C37AF689A87843C64D63AADB8B2BDB67D92C59042B7A2E0E08F42322BF444F435F20FEDF3E1A7D1FE24E9BAA31558754B75456C72AF1B7CC38FF006483CF5AF9FCFF000C9D2F6EB7565F23DFC8B12D55F62F67AFCCAFE0178AFCA9281800392315E8DA2A41B8008A40E2BC33E18F8A440444F29F30F1CE4935EADE1CD6C48EA0382C3AD7C751ACAFA9F51569CB73B28111656EC335A367CDB3E3A5625B5D79801CE49AD2B5BA10DBB06600B74AF4A8CD736E70548BB5C8E760339354EF4248B80809F5F5A75C5C7279CF3595AFEA82D61CAB722B0A9534358C0C7F1A469696AD208D401D4F15E27E39BE59F594D877166C05009249EC07735E8BF10BC5423D2983498623D0D70DF06F4B9BC7FF0019344B2D8922CB7D1BB3633B638C967233DF68FC6B285A535186E744E4E14DCE5D11F4EFEC7DE03D77C0DF0FEE575A0614D42E7ED9696C48DD6E8CB8E70782C30D83C824E4035EC118C46A39E077EB4D8A20A01C1FC7AD3EBF46A14634A0A9C7A687E7F5EB3AB37525D428A28AD4C828A28A0028A28A0028A28A0028A28A0028A28A002BC9BF6C5F8663E23FC20BB68A1696FF004761796FB71B980C871FF7C9CFE02BD66A1B9B617008650C0E460F4208E41FAD635E8C6AD395396CD1A51AB2A752338F467E6778735E92D355520ED3D4E78C57AEF82BC4AD33A10F92C0135CB7ED5FF0920F84FF00176FE0B6622D2F21FED08231D511E4718E3B02AC3F0AA3E01D74C6D182769000C75C71D2BF2DC4E1E542B3A6FA33F4AA35615A8AA91EA8FA0B46D505C40A4364A819F638A9E6D4A76242824678E6B8EF0D788123B6F9A400B0C8ADA4D6A228A4CA9923D6B78D4673CA8EA6BC97E56252E7071CD72BE2FD77C98D897C0CD4FA8EBD1E081229C579EF8FFC4C15641BC6013EB59D69BE5D0D2953B339AF1DF8A9AEA59220FB886200AF68FF00827F7C3E32EA1A9F8AAE216648D05A5AB1E416623791F40A07FC0ABE6BD4EF52F3540F3B8B5864DA8F29390017C03C7B57E8DFC2FF0001DA7C34F0369DA45881F67B5846E61FF2D1C8CB3FE27F9D7B7C3B85752B7B596D1FE91E3F106279292A51DE4746BC28039145245C46A00C00071E94B5F748F8D4145145001451450014514500145145001451450014534CAB903249271C0CE28F31724670450D8AE3A9BE72FF007875C566F8AFC6DA3F813439F53D6F53B1D274EB65DD2DD5DCCB0C283DD9B03F0EF5F367883FE0A91E04D4BE215A7873C1B6B7FE2BBDBB7646BD890DB58C380482647019C1033F22907D6BD3CBF26C763AEF0B49C92DDA5A2F57B23C9CCF3ECBF2FE558BAD183934926FDE6DBB2B456AF5EC8F0EFF008283FC42B81FB5C5E2DBCA1A2D36CADACDA3ECCA41761ED8DE6B99F0F6B205A45756E736F2E361072067A03EF5C9FC7ED4AF3C45F1BBC49AA5F841737D70652A9928808F942E79C63A66B3BC39AB5E78600F20EFB70DB6485B9523FBC3DEBF1CCC26D632AC2A6EA525F71FAF60146584A72A7B72AB7CCF6DD235CB8908024208EDE95A3E75F4A19D657DA0FAF4AE13C17E2DB3D5E526DE75054F28E70CBEDCF535DD5AEBA23B4284292471CF5A51A5E6692AB621BDD6EE208C6F958607AD72FE20D75EF4BA162C4727E9EB563C59AF43636EF2CF345128C9E5867F2EB5E7BAFF008B1F5EB736D66CCB6AC72D28043B7B73DAB3A89455D9719DCC8F889E285BE3F61B7CAC10B077901FBEE3248FA6EEFD2BF527E0578DE3F1AFC1DF0B6ACCF85BED2ADA562D900398D432927B86C8F7AFCA5D474D2AA000BC9C0E6BE83F0F7ED91E2DFD947E0CF84E0B3D16C3C4DA69055ECEE6EFEC93A2B02E7CB9006C119E85483EA2BEC78032BC56658CA987C2A4E5CB7B376DBD74FBD9F19C7F9C60F29C0431B8C6D413B3695F7D365AEED6C7E8489D0E304E3D70714E0430041C835F337C12FF0082A1FC2BF8A12C161A8EA573E0CD62E1824767AEA2DBC7237711CE0989867A65837B0AFA4ACB5082F2CE19A09A39E19503C6E8C1D6452321811D411CE457D9E6195E2F033F678CA5283E9756BF9A7B35E8CF90CAB3AC0E654956C0568D48F78BBFDEB74FC9A27A293CC50324900FB52AB06008E41AF3D33D4B8514514C028A28A0028A2986E503105B91DB068B85C05C21765DC372F51DC7A51F684C03B8007D78AF9D3F6D3FF8288784FF00642B71A6988F897C6F7B197B1D0ED1F12807A493B74893EBCB7615F9CBF19BF6C9F893FB45BDC378BFC5D77A6E933860BA06853496762AA4E7CB7D855E5001C65D8838E95F77C31E1FE639C42389D29D27B4A49B6FFC315BFAB69799F9A71A78A99370E5E957973D5FE48DB4FF0013D97E2FC8FD4CF8E1FB6D7C2EFD9F6297FE125F1868F0EA119645D36DE5175A84AC0E368823CB8E78C9007BD7C81F18BFE0B09E26F173DC58FC3AF0DC3E1CB13B94EB1AE912DD3027AC76EAC1538E85DCFF00BA3A57C1D2EBDA3F84544761A7C509D81721707A7A8C0FC304563DF78D2EF55611076F28F041C003F01DBE95FB1645E13E598592A95D3AD2FEF5947FF014DDFE6DAF23F9EB88FC79CEB30A6E9E5D15420FAAD65FF8134ADF249F99EADF143E2C4FF10F5BFED6F19EBFAB78C756809585AEE5261B720F3E5A0DA9183FECAB647A552F847F1BE4B7F8DDE173B21B5B23A941079712EC077B8439FA06FA5797B412DCF05CED1D3D31505D5B3C2C1E191A29A25FDDB8EAAE3A37E0715FA24B29A31A0E8C524ACD24AC92D3A2564B5F23F22A19DE2258F86331351CA6A51936DB6DD9A7AB6DB7B773EFEFDA57C0ADA5F8A34ED4521261D62DFC976183B5E3719181CE761538EF93E8718DA0F8522BC899594166AF75F0B5A59FED31F0174FBDB56896F756B48AFED25CF10DE2A7DC39E996CC673819607A735E75E18D15E1BA686485E19A2631BC6E369565382BCF70462BFCF8E36C96784CE2A49AD26DBF9FDA5F267FA9BC219D52C565549C1FC292F55BA7F71C078ABE113B4667B7F3E3913A15F940FCBAD72E7C2FE2542552F6F828E06276031F957D43A4E866FAD8C52050318191DAA193C00A1D8048F00FA57CF42833DD9D747CF7E17F8597DA95C09EFDEE6561CE77EEFCF35D8378161D3AC492B866191C735EC76BE135D3ECC8DA8A48F4AE7FC4DA20109665001CF3D8D4CF0FA150C45FC8F193E02935FF001569F6302BB9BD992DC81FC24B6ECFD31D4F400127A1AE5FFE0A5FE2B7F04F897C1DA558308CC56F3CCCA1BEE8DE88848F7C37E46BEADF80BF0D4C1E7F892E5572E5ED34F4718DC8466597D86D25327D5EBF3FBF6EEF1B45F13FF69DD7AE6DD99A1D0CC7A45BB72037D9D8EE7C1FFA6AF37D78EA315FD13E0064128E3258CA8B74DAF45A7E2F63F9AFE91FC434D652B049EED2F9B6A4FEE51B3F368E7B4BF8C8350896D757B75BF876846055411C763839FD3EB5E8DF067F689F167C129D25F875E34D4340B732190E933E6E34D7C9C9DD6F26E504FF0079486F7AF066B13192631BB3D3B530F996277A33EF3C901BA1AFEA6C564F85C4D374E714D3DD349A7F277FC2C7F1165B9D637035956C1D67092D9A6D3FBD59FE87E977C16FF82CF4BA75C45A6FC4FF0009B5A81C7F6E680FE7DBB0F592DDCEF4F52559FF00DDAFAFFE0BFED5DF0E3E3B69B6CDE15F19685ABDC488336A972B1DDA1C721A06C48A7EAA2BF07ACFE20DE5828591B744A31B3A86FAD6A5A6ADE1FF0015CB1C979A7C11DD260AC90298DA323A30230C1BDC381ED5F99677E11E5B886EA61AF4A4FF0097DE8FFE02DDD7A2925E47EE1C3FE3DE6B8382A799D355A2BAED2FBD2B3F9ABF99FD0899D0632C013D3DE812A9C609E7DABF1B7E03FEDF5F14BF66F96DC697E257F18E83130F3344D719E51E59ED0DC1FDEA301C00CCCA31D0D7E92FEC81FB72783BF6C0F0FCB2E8F23699E21D3B0351D16E987DA6CF3C1753C0962DC0A8917232307078AFC6F89B80F32C9A2EBCD2A94BF9E37D3FC4B78FE2BCCFE80E0DF12F27E234A1859F255FE495AEFD1A767F83F23DBC10C01041068A8A29916018E1506080BF77DB03F954A0E791D0D7C51FA0A615F387FC1483F6DCB4FD897E08DC6AB1341378AB5C67B1D0ADA552CAD36D66334807FCB389724FF78955192715F47348AB9C9C6DE4D7E05FFC1717F69BBAF8B7FF000502D7F4159D9F4CF00A45A25A22938DC55269CFB31918AE4FFCF35AFBBF0EB8669E779C42857FE1C1734BCD2D97CDDBE573E3F8EB3DA995E533AD43F892F763E4DEEFE4AF6F3B1C14BF156F7C4DE25D4757D5AF2EB56D775795A5BFD42E1B373712924EE2DFC28B9C045E054B79E2E8FC8030DD0739E6BC6343F114E1C1CB11EA4F35D2DA6B524CABE61C035FD7EF0704928AB25B2EDFD7DC7F08E6D96CEBD775EBBE693776FBB3ABB8D48EA13AB64941FA55EB38C6EC820835CDD95F2800EEE08AD5B2D446400DD2ADC6CAC78F88A0D2B2474B6C81D5471C0A5B8B657181C9159F65A9AF1F375AD08A75940C3024D72CD1E2D484A0EE7D8FFF0004A4F8F4B60F7FF0E3549114DCCADA8685BF3977C9F3A027B93CBA8EA54CB8C9515F63FC45F83BFF0009CCC758D3218D35B45CDE40EEAB1EA63190460FCB20EB91F78D7E3DE9FA8DC68BA95BEA1A6EA173A6EA56134773677311C496B3A105641F461D3BAE0776AFD3CFD837F6F4D13F691D2ADB41D727B6D1FC7BA7C412E2CBCC58C6A231CDC5AEEFBDB8E495CE541E95FCF1E2A7052A92963630BD396AECB58CBBFA3EA7F607819E2546542194D69F2D7A6AD1BBD271E91F58EABB9B3E1AB642DB24F35678CEC95655DB2238E0861D981EA3D6BA45D0164467085957A91C8AF4EF1378234BF18C425BFB76B4BE450A97D6FF00BB9D78E85BFE5A2FB30CE3AF35CDCFF0B756D34889757D2258470B3CA8D13A8EC760E33F4CD7F3A56CA6B5176B732EE8FEA9A59A52AAB7B3EC711A9E9F1C76CF2164F2E31927208155BC21F0B0F8E1C6A3A834D69A1C52FCA71B65BE3D55514FF063AB7715E8963E09D3B4FB8596FA493C41770E195426CB488FF7B68F99BF118AC3F8EDF1CFC37F017C1D75E26F176AB67A7D969EBBE0473B5E67C60450C6065893C6141C77C57A195F0ECF11562AAC5BBBD22B56DF638733CFE9E1A94A50925657727A24BAB381FDB43E3CDA7ECD5F042FF558A2B28F55B841A7685640FCAD2BA90AAA3A9440C246FF0075BD467F281DA5BA9E496791E79A662F24AE77348C4E4B13DC93CD7A0FED2FFB4EEB1FB56FC4C7F10EAD6CBA5E996C0DBE8FA3962D169D01392CE4726690F3215CE3EEAF02BCF9EE540DCEE496E492304FE5C7E55FD93C09C352CAB029D58DAA4ECDAFE55D23FE7E67F9FDE2BF1BACFB31F678577A34EE93FE697597E8BC8736225193802AA5E104641183515F6A2B83860476ACCBAD5F8C6EC91C57DF534CFCC6861E4DDC75EF7F6AAB67A93D84CC41C0CD4177A98D872C01359B36A2189C364D74A8DD599EC51C3392E592D0ED6DFC6AD0C2BB98F2063AD5DF0A7C75D5FE1778F74AF15F876FDF4BF12689289AD6F50750301A1917A4913A0C156E0F438C6E3E5B7BACCD19201F941C0E6B9FD67C513C45B2C4004D632C052A91942A24D4934D3D9A7BA7E4FAAEBB33D6C9B2FAB86C4471186938CA2D34D3B59AD8FE8C3F61FF00DAEB4CFDB33E03E99E2DB244B3D401FB2EAD608DB8D8DDA01E6283D4C6721949EAA477C81ED11E7CB5C924E3AFAD7E1CFF00C1BE9FB4CDEF843F6D6BAF01CD2BB691F10B4C9C6C048F2AF2DA3334720F40628E753EA4A7A57EE326762E719C57F1BF1F70DC724CE6A61297F0E494A3E5195F4F934D5FADAFD4FEECE0BCEEA6699553C4D7FE22F765EABAFCF4657B89D618E49188558F2598F40064D7F2B9F1EBE264BF163F68CF881E2ADE04BE23F136A7AA824E72B3DD4AEA07B2A9503DABFA5EFDB0FE2447F08BF658F88BE267623FB0FC3B7F741B90559617DBFF008F62BF95DD06E4FCACC482C01E7935FA7F81584B7D6F17FE18AFC5BFD3EFF33E33C56AFF00BBA143D5FE87A2E9378BB81DD8079ADA5D48C31AB16014F02B8CD2EFC00A0376AB7A86B262B7452D8CB715FD04D9FCE188C139CEC91DDDA6AFF2261BB0AD2B3D671805AB85B2D5898D3E639DA2B420D54823923349AB9E2E232FBB7A1DDDA6B4DB861B8AD5B2D748C0DD5E7D69AC3023E6E2B4AD35A652096C03593A773C5C4E597E87A1C5AA2C8A30C4922ACC17E62B8B3962925826B397CF8668A46496DE40721D1872A73E84E7D2B88B3D708C12D806B421D6C7197383F5AE6A984534E33574FB9E4AC1D5A5353A6DA6B54D68D3EE8FB9BF668FF82BAFC42F8716D0E97E31B2B7F1EE9119016F5645B3D5D47A3B10629401DC8563D7766BE8AD57FE0AEDF0C6F3C39125DE93E3EB1D55F063B43E1D9E7328EC51E32C854F6218823D6BF276C3C52F684ED6C835D169BF1AB52D1EC5A0B6BEBA8D1C60AF9AD8FC3AF1F88AFCE335F0AB2BC4D4F6B462E9DFA45D97DD667EAF9278CFC4F9752F615AD5D2D9C95E4979BBA6FE67DCDF183FE0ADDA95969F3C3E0EF06359DC32958EF3C4537962207F885B212DB87F764C11D0F35F137C5DF8BDE23F8C5E333AF78B75A9BC4BAB201E53CD188EDACBB6C820076A8F7EB8AE5359F1A4DA96F679999A439666259C93DF9FF1AC69B5A1DE424F724726BDEE1FE06CBB2AF7E8D34E7FCCF57F7BDBE47CF711F1DF107105E9E36ADA97F247DD8FCEDBFDFEA6DCFAA6D24B3824F53CF359D7DAD37386C8ED58D7DABBEC2C0E149C03FAD65DDEB2C720302457D8C6958F97A1966BAA36AF35B383F374ACE9F582739624D635C6AC4E72C38AA33EAA727E75FCEAE313DAA196DBA1AD7FACB0CF3819AA69AC07E030247D6B1AFF00516901009620E38FA03FD45655A6B65E660AF900D6917D8F56965ADC2F63A9BEBE257835CE6B9386079C9CD3EE3552500DD922B1B57BF2C84039354A477E0F08E2D1ECFF00F04C7F884BF0EFFE0A33F087547B816F18D7E3B294F27E59D1E1238F51263F1AFE991492A09182457F24DE0DF1E0F877F133C37E254DD1CBE1BD5ED7550C3273E44C92638F5D98FC6BFAD0D13504D5345B3BA460C9730A4AA7D432839FD6BF9B7C72C2DB1B85C52FB51947EE95FF00F6EFBAC7F4C785959FD4AAD17D1A7F7A4BF43E33FF0082FE7C503F0CFF00E0985E3F8A09D61BAF13CB67A14409C17F3AE14CA07FDB1594FD14D7F3A7A65E11B70702BF68BFE0EB5F1EC9A77ECF3F0AFC2F1A308758F13DC6A73B838E2D6CE48C2FB8FF004D63F55F6AFC46B1D444782CD807DABECBC1FC37B0C8155EB52727F75A3F872FE2789E224DD6CC3D9FF2C52FBF53B9D3752081416C62A2D7B5921E301B80D9FC2B06D3543C1DC707906A878835C26E5006CE2BF52A988B247E69472FBD5D8F46D3358F32242181040FE55A50EAA73F7AB82D0F58DF0440364ED19FCAB621D5F9FBC78ADA156EAECF271380B49E876306AF8C65B18AB906B4DC7CDC57150EB1CFDEABD0EAF800EEC64568A47995B2ED2F63B7B7D78AA8CB91C7A55F875C2403BC6315C1C5AB1241DC6AE43AD3000061C55A573CAAB965F5B1DC47AFE0E4B91F81A79D7892486383EC6B8A1AD70324E7EB4E1AE703E61FAD5729CAF2AF23AF9B5D3FDEE6A95C6B8413F30C57352EBA71F7AAA5CEB8C41C375A3951B53CAECF63B3F0CD9B78C3C5DA5697F6BB6B79752BC86D16678CB242B2381960392412057B437EC15793286FF8581E1905B93FE8337FF142BE68D1FC713786F56B3BF8424B71653C73A060700A36E1FA815DC37EDA3E2942404D2954741E43F1F93D7F3BF8C984F15EA6370EFC3DAD46147965ED154506F9F9B4B73465656ECEDE47F44784D85F0CE960ABAE38A7525579D727273DB96DADF964BAF97CCF5893F603BB39FF008AFF00C344FF00D784DFFC555697FE09DB79292C3C7FE1CF9B9FF907CFFF00C55795BFEDBDE2C424795A3903A1F224FF00E2EA26FDB9FC58A4E6DF45207FD3B3FF00F175F8DBCBBE931FF41585FF00C068FF00F2B3F5D82F0016D42BFF00E55FFE48CFFDA13E184DF01BC710E8926ADA76B5E758A5D9BBB684C6899775DA558E72367BD794E97AE1FB4300E0E0E38040AE8BE2CFC64BCF8A7AD26A7A9C56D1CF144B6FFB952AA50316CE327BB377AF33D33582B7CE0B052CC781D3AD7F59F06D4CEE9E4B8587124E32C6722F6AE36E573D799AB24927A689247F3EF12E0728A99A62A590C5AC2F37EED4AF7E5B75BB6FEF3BF7D58B01F364D52D4350DC98DDCD638D50E7018E4555BDD50F396E6BEBA3513D8F98A5816A5B09ABDCACD14E8CDCB8DA3F339AFEA8FF00601F88B27C56FD873E1078865996E2EB55F0769535DB039C5C7D922132FD5640E0FB8AFE51EFAF04B9DA496AFE90BFE0DF5F1CBF8D7FE0963E008E4470FA24FA86984B1C9609772B83F4C381F857E27E36D094F2BA35E095E33B7C9A7FE4BEE3F5FF000E27EC711529BFB51FC8F27FF839FF00E005E7C4FF00D8B3C3FE34D32D27BB9FE1DEBE26BDF2D73E5585CC6D0CACC3D3CF169C8E8A58F4C91F812D0BC23003346BC07EC7F1AFEC17E28FC32D2BE30FC3ED6BC2DAFD9A6A3A1F882DA4B2BEB79080248A452AC3BF38391E840AFE63FF00E0A65FF04DCF167FC13A7E354FA3EB16B717FE08D52E646F0F788110982F20DC4F9329190B3C60A8607193923239AE5F07B89284F0CF26AF2E5A89B942FD53D5AF54FF00CCF438E728A9ED563A9ABC5A49F93EE7CD69AC08540662001C71589AF6BC4DE290FC66B66F2C41008C306CE0FAE2B81F125E30D4D957760311C823BD7EBD99F3D18293D8F8ACBB0D0A951D91E8FE1ED68345161C1F947F2ADB4D686705C03F4AE0FC2C8678E222400951904FB5744A5D08191C71F78574E0D559C13B687958EC1C15468E8A3D60000EE156A0D757006FE47B1AE5C5D30006471EF4E4BFDA79603F1AF42319ADD1E64B031675F16BE17AB8C5588BC418C1DE707EB5C51D4CF665C53C6B2C001B871EF5A29D8C279627B23B81AE92010FC1A3FB78FF007EB8A1AD4981875C7FBC2A36D75C310645C8F714DD64B7335945FA1DBC9AE961C366AACDAF12480FC8AE40F881BFBE2A16D7242C486C827D6A255D1B4328F23AD935DC92038E2ABCBAC8E9BF35CB1D65F272C3F3A6C9AAB30E1867EB58BA8DEC8E886596E87472EAE186037355E4D5C1246EE9EC6B07FB41FF00BC3F3149E73B7391CFB8ACDB9BE86F1C1451A1AB6B6A968EA5F04F4EB5C8DAEBDB35520B63E6F4F7AB9E20B968A2F98A8CFB835C447A9336B6C1493873FCEBC2C7D79D3A89347D0E5B97C654E56EC7A545AD333921B3934CBBD4CC99018922B3F4DB75923466940665048FC2AF345146A4BBAA855DC58F000F5C9AF5A851A8E09B3CF95284656486C4B2CF1870B85209DCC428E0F3C9FF003C1AFEA0BFE08DFF00B3DDD7ECF5FF0004DEF85FA2EA5A74D6BAA6A1A67F6DDE4322F9724525E31B808EAC41575491148201041070457E427FC110BFE091FAC7ED91F16746F887E34D266B5F84DE19BA4BD43751951E28B84394B68D4F26152A19DB1860AA01396C7F44B0A8485157A0000AFE7FF18B88686239327C3CAEE0F9A6D74766947D6CDB6B75A75BA5FA870464F52929636AAB732B25E5DC75703F1EFE0D687F1E3E1B6B3E15F12E83A4F88746D5D0A4B69A85BA5C42E71C310FD181E84676F18C577D55E7FBC7EB5F8A52A92A735520ECD6A99F7F382945C65B33F03FF69DFF0083753C59A6F8DB506F022BC5A2F9AE60B7B89CDC0841638552C4310070093938AF11D4BFE0DC2F8D17B72B2AB69E4372736C73CFFC0ABFA537FBE7EB5524FF0058DF5AFBB878899E4692A52ABCC97F324DFDEEECF9D5C378153738C6D7ECCFE7274EFF008379FE3769CAAA86C308001FBA23FAD5B3FF0006FF00FC72C9FF008F1FFBF47FC6BFA29A2BAA3E28E7F1568D54BE4BFC8E79F09E5F277945FDE7F3ADFF0010FF00FC72F4B0FF00BF67FC697FE21FDF8E079274FCFF00D726FF001AFE8A28A1F8A59FBFF97ABFF018FF00911FEA7E5BFC8FEF67F3AFFF0010FE7C70F5D3FF00EFD37F8D1FF10FE7C70F5D3FFEFD37F8D7F451453FF88A5C41FF003F57FE031FF20FF53F2DFE47F7B3F9D6FF00887EFE36F78EC89FFAE67FC69A7FE0DF5F8D649262B2C9FF00A667FC6BFA2BA297FC451CFF00FE7E2FFC063FE435C2196FF2BFBD9FCEAFFC43EDF1BFB7D800F4F28F147FC43EFF001BFD6C3FEFD1AFE8AA8A5FF11433DFF9F8BFF018FF0090FF00D51CBBF95FDECFE748FF00C1BE9F1C327FE3C3FEFD37F8D27FC43E7F1C3D6C3FEFD1AFE8BA8A3FE227E7DFF3F17FE031FF00205C25972DA2FEF67F3A3FF10F9FC70F5B0FFBF469C3FE0DF9F8E20003EC181FF4C8FF008D7F459450BC50CF96D557FE02BFC83FD52CBFF95FDE7F3997BFF06F67C70BC5C30B023FEB91FF001AC693FE0DBAF8D26F44CA74FCB1DC7FD1C9C1FCEBFA4CA2B2ADE24E7755DE7513F9236A5C3582A7A4135F33F9CCB4FF00837ABE38DB00A0586D51807CA3D3F3AF5FFD947FE0DF0F19DAFC4ED3B50F1BD947A9E9F652A4AD6A7021665604123393F43C57EEA569E9DF707FBB59E2BC45CF2BD274675AD16ADA24BF20A7C338184D4D4755DDDCC6F86FE0D5F05781F4DD26DAD6D2C6DAC2D920860B6884314602F408BC281D38E6BA540422820020741D0528E828AF83949C9B93DD9F4F149249743FFFD9, 'Authorized');
INSERT INTO `user` VALUES ('2', 'tmksmanju', 'tmksmanju', 'tmksmanju13@gmail.com', '9535866270', '#892,18th Cross,Vijayanagar', '05/06/1987', 'Male', '560040', 'Bangalore', 0xFFD8FFE000104A46494600010100000100010000FFDB008400090607131210151113131013150F0F100F101010120F0F100F0F1511161717111515181E2820181A251B151521312225292B2E2E30171F3338332D37282D2E2D010A0A0A0E0D0E1A1010172D251F252B2D372B2F302D2D2B2D2B2D2D2F2D2F2F302D2D2D372B2B2F2B2B2B372D2D2D2D2D2D2D2D2B2D2B2B2D2D2D2D2F2B2D2E2DFFC000110800CC00CC03012200021101031101FFC4001C0001000105010100000000000000000000000502030406070108FFC4003E100001020305060404040503050100000001000203116104122181F005314171919206132251073242A152B1C1D114233362724382B25393A2C2E115FFC400190101000301010000000000000000000000000102040305FFC400221101000202020202030100000000000000000102031104311321126132415142FFDA000C03010002110311003F00EDD76835925DA0D64976835925DA0D64892ED06B24BB41AC92ED06B24BB41AC902ED06B24BB41AC92ED06B24BB41AC902ED06B24BB41AC92ED06B24BB41AC902ED06B24BB41AC92ED06B24BB41AC902ED06B24BB41AC958B75AA1C186E8B14B18C86D2E7BDC406B40C9715F17FC5C8B15CE8562021431879E40316255A08930753C9076D8F1D8C137986C1EEF7068FBAC077886C80CBF88B2FFDE86BE618D697C575F8AF7C471332E88E2F3F757E0841F4D42DB76577CB1ECC794587359D0DC1C262E11EE08217CC90872529B3AD71211BD0DEF61FEC716FD907D1376835925DA0D64B98EC1F1F45649B68608ADFC6D01B1057D9DF65D13675BA1C7608908B5CD3EDBC1F622581419576835925DA0D64976835925DA0D648176835925DA0D64976835925DA0D648176835925DA0D64976835925DA0D6481768DD64976835925DA0D649768359205DA0D64976835925DA0D649768359205DA0D64976835925DA0D649768359205DA0D64976835925DA0D649768359205DA0D64976835925DA0D649768359205DA0D64BC7900126E8001249DC00DE57B7683592E7BF1AF6E1B3ECFF0021840896E779008DE216F887A619A0E5FF00137C72FDA31CC183316582E9436B667CF78FF55DEE3D867C56A0C691BC11CC494858CB61890CCF12B2BCF070323CD0604159B05786034FCA654DE15D8504D106559DB320296B359D6058E180412771DC16DD606B4805B77F54162CB6071FA7AE0A7763428D01FE642BB3FA98665B107B11FAAA60B792D8FC3D158D26F86E68364D996D6C665F0002307B0EF63B88382CBBB41AC96AF65B5016F688605D8AC7078E1862D77E99ADA2ED06B240BB41AC92ED06B24BB41AC92ED06B240BB41AC92ED06B24BB41AC92ED06B240BB41AC92ED06B24BB41AC92ED06B24095024A81254092A04492A0495024A812540812A0495024A812540812A0495024A812540812A05F3FF00C77DA05FB4D907859ACACC07E38AE7389E818BE809502F9AFE2E63B66D14F240E5E4B3F74435263CABEC71544384564B60994D0550DC54E785ECEE8B6B830DB39BE20048DE1BBDC7A4D42B02EB7F0CBC386143FE2A2364F8CD9426BB02C85F8A5C0BBF241216AF03B49F4C469A4584C71EACBAB147822234CDAE842AC74567D8CD6EE0502AEED020D361786ED2DFAD99B81FFD165C3D871FEA8B0C7294FF00E2B6670A058D1D94083DF0DECB6432E760F7918BCFE8A7A540A2363FCC448297950204A81254092A0495022495024A81254092A04095024A81254092A04095024A81254092A04412A0495024A812540812A0495024A812540812A0495024A812540812A05F3C7C61B2DDDB2FC3FAB0ACF10566D2CFCD857D0F2A05C7BE3B582EC6B35A8012BAF80E97BB4DF6CFAB907396C100818927735A0B9C793462565C1800CC711810410E6D083885D33E196C8F2AC6CB5DC6BE3DB47985CE97F2A11F9183D84A4799521E2BD842D90DCF6318CB5C0C5B290119BFF4DC7883C0F02839BF80F6236D16E0C88270E035D1A23783AE9935A69788E8BB537937F6A2D0BE1AD81EC7DAA24486F864BA1C20D88D2D20E2E329EFDFBC2DF21E482FF4570720B0ED1183470584FDA6E1B9A332D08261E28163C7C962C1DA20C9AE1749DD31813EC08C163ED7B6186300093B904B6CB1EBDC315332A05A9F85633DEE25F2A516D8050204A81254092A04950204A81254092A04950204A81254092A04950204B924B9276A76A04B924B9276A76A04B924B9276A76A04B924B9276A76A04B92D53E27EC6FE2B66C56B402F820478606F2598B9A39B6F05B5F6AF1CD98910D91C0F241CFBE185B845D9904094E00759DE0EF058640E6DBA7353D63712F70781799B8EE9B095CFECB1BFFC7DAD12CF124DB35B1ED731C7E56171F43B94E6C392E95E4FAAFC862D027C2482DDA786E5E43C955681870C15B8471E082CDBA1120CA40FBA866ECF74F192D91CDE4BCFE1B09FA504732CBE82309CA6398C47E4B2AD9660F6B5D218807A89ABC192E015FB3B27088C3D048C8198FB140D87650D999378297972589B31BE8270C5C7ED82CBED4097249724ED4ED4097249724ED4ED4097249724ED4ED40ED4ED4ED4ED40ED4ED4ED4ED40ED4ED4ED4ED40ED4ED4ED4ED40ED4ED4ED4ED410FE23D990A2B0447C384F7C13386F731AE7326719123058F04CD8376E52FB4FF00A4EF9777EAA16CE7D3C1065B24F66E6DE660F1EE3DD618C0F0C1531A239844564896FCCDFC4D5902EC56F9B0AE91F5378B4F2503DBDC95D86EC382C46BB92AC3F0E082B7BB1E0A9114804097AB87B9DCACBE24BD955B34DF8AD18481BC79347EE420D82043BAD0DC30002AFB53B53B54876A76A76A76A076A76A76A76A076A76A76A76A0744E89D13A280E89D13A27440E89D13A27440E89D13A27440E89D13A287F10F8821D9593716B9E47A218DE6A7D82B56B369D422D68AC6E67D30BC5DE22856774382FFF005A6E739A2F796C1B9CE031912ADD92335CD0E6B98E07739A4105739DB16C36A8A62C52038C802D1835A37348E23EEA3230B4D9C88901CF038BA09BCD3FE4CFDC2E99305F1F70E38B938F2FE32EBE5DC9435BE0C582E31ECE6477BD83106B2E2B48B07C448CDF4C686C892DEE1FCB7663729A81F10E01F9A1C56F2B8EFD42E2EE9883E3384EC2343BAEDC5F0F71E614D93300B6F488044D8EDC78AE71B5F6E592399B21C5111C77B6E36F1AB6666BA36C4F1541F2A1B221F2DC18D69BC0DD240960E0AD1599EA15B5AB5EE569B6388F38349C8B4757494CEC8D986112E25B32D948632C4138FBE0167C1B431E26D731C2841573A2858E89D13A274501D13A2744E881D13A2744E881D13A2744E881DA9DA9DA9DAA43B53B53B53B503B53B552E7CBF0AC7896B038B506576A76A8D7ED2038B5437883C4A2143E1370F4B78BAA7D87E6AD4A4DE750A5EF5A46ECCCF12788D9676100B4B8E038E341C572CB7DB5D19E5EE3327DF1545B6D8F8AF2F79993D00F60B1E6BD7C18231C7DBC3E4F26D9A7E954D570A316EE3FB2B3349AEECCCB891A1BFF00A8C63AAE6B5FF73EA1D5587582CA7E860E5E78FB5E56A6BC9AE33831CF70EF5E465AF56664074185FD36341F70089F37125CA88F6C738EF97B01800B1669357AD2B5EA14BE4BDFF29485876BC58466D765FF00D5B6EC9F1B38C9AE709FB44181E4E5A0CD79354C98697EE1D31723263EA5DB3676DD6C4C1C0309DC77B4E6A5FB5721F046D1736D0D8666F6BBE9DF76B40BA943B7B3CCF2C16E230A11F4EBD97979F178EDA7B1C7CDE5AEE599DA9DA9DA9DAB8B41DA9DA9DA9DA81DA9DA9DA9DA813E493E493E493E4813E4A988F90FA5553E4B1ED670E08232DF6F9710A163DB89E2155B45C67C1460735D1031E45C630C68A38B98DDD0FF00DC70E5356A57E53A56F6F8C6D7AD16E10E1F9CF962270619FAE5FEAB87E19EE1C56916EB63A2BCBDC6649E2A5B6EC77C725D84C99DD1800D1B9A281403B0C0AF5B0638A47DBC3E4E5B5EDF4F6693544D7935DF6CDA5735E4D5379785C9B34AA6BC9AA6F2A6F28DA74AEF2F0B953357ACF647BF10001C5EE21AC1FEE2A265315DAD5E59DB3765C48D88BAD637E78B10DD86D1CF89A0463E042E1FC43C7364007FE4FF00B0566D7B422C72038CC0F961B406C360F60D180559B4CF4E91588ED32EDB10ACCC30AC9EA7BBD312D4E189A30700A4BC1F69730FADD370788A2666409FAB3C56B565B386E2644FD8290B05AAEC56E3BCDD3C8AE192B13598868C5698BC4CBB403FE293E4B176546BF021BA6265801E6303F70B2A7C9796F649F249F249F249F2409F249F249F249F2409D424EA1275093A8409D42A22B663E955CEA12750835EDA362E4B9EEDED9719D13CE6B806B8B98C01D27110CC899739AEA9B46306B4925B8027A05A0DB637A21098C20879FF00288E73CFE6168E37AB6D97971135886A62D91186EBC75C0AB8F7B620E1FA852B696B5E24E00FE639281B5D98C333070E07DA857A359DBCAB56616A209192B902CAF7FCAD247BEE1D4ACCD950D91092E912DDCD3C6BC94B98BC92D935E915C5BF6833B262FF006772B116C311BBDBD2454F3A37240D71DC3AE0ABE49FDAFE289E9AD163BD8F42AA104FD4437A97740B641673C5C072C53C968DF8F35139A168E3CB5E6BC0F961DE3F8A209FFE3BBACD54E831A2EFBC7DA7801C86E192D82FB46E0D192B6FB4F255F2FF00216F047EE5130B643BEA2394E4B2D963BA240B0729AB8FB4AC77DA6AABF3B4AD18E90A9D03FB87458B1D85B27020DD703EDC51F6AAAC4B5DA66D3C9373A222BB75FF0009ED19C1BA48F4B8FDF1FD56C8C7CF8B573AF05BDC61876EBD294E81740B21C3785E75BB97AD5EA17E75093A849D424EA14249D424EA1275093A8409D424EA12F546B34BD51ACD124EA15B8D12437B55CBD56EB351BB4A3C86F08840789EDE44189223E4701CCE0B56DA517F98461E80D60FF6B40FD1487886D13B8D98F5C6860FF8875E3F60A0BD4F25D8624924D4AD9C78D576C1CA9DDB50F1F1792B0F37B0DF3E0B2C4168DE67F92F4C603748725DBE7FC67F1FF50F0AC7118F9821B2DD33BC7B494EC2634806739E4A3ED31A63860AD58AD4665B3F7EB2FD945AD364D695AA66F81BAE856DF68A851EFB4D5587DAAAABF15FE4907DA6A1587DA6AA3A25AAAB19F6A568AA937493ED35561F6A51AFB4AB0E8EAD15566C907DA9587DA1620713BBAEE1D5486CCD8B1A39F4B70E2E74DAC1FBA4CC57B94562D69D4431C3C9FD49C0052FB13603ED0E04CC4318973B0BF468F65B4EC5F07B19273C888E1BA63D0D346ADD2C5B3C0FC2B2E4E46FD55B717175EECC7D91B3C31A00BA0340002D821890DED54C2601C5BACD5C9D5BACD666C275093A84BD51ACD2F546B34493A849D425EA8D6697AA359A05EA8D6697AA359A5EA8D6697AA359A21E39D56EB3503B622D429E71C37B759A80DAD0C9E21068DE2624063F78638DE970044A7F75802D22581125B4C6813983220E04280B6F87E78C37069FC2772EF8F2C447C659B2E1999F9551F12D150B1A25A6ABDB46CDB4377B2F55A66A3A3418A37B1E325A6B6ACFED92D5BC7F995E8969589FC496BDAE14EA0CC2A0C1887E87F42ADBEC519DBA1BF03EC54DA6BAED5AD6D33D4A576AC4BAFC373DAD88DE4E139759A8D7DA94CBB65BE341840B6235F0DAE6BA50CBA6278624855C0F09BCFD0F3FE6F6431D04CA8F2D23F69F0E499F50D71D1D21B5CFF9413C860335BBD97C18EE26033934C577571929AB2F8361E17DCE892E0E326768C15679358E97AF12F3DB99C3B138991227F859388FE830FBA9CD9DE138B13E90C1F8A299BB260C02EA161D86C8624C6C368FED002948360038B759AE36E4DA7A68A71291DFB691B2BC1D0984177F31C38BE574726EE0B6CB26CD025F2E1C24A5E1C1038B759ABA39B759AE13333DB4C56223510C78366038B759AC81CDBACD7B3A8D6697AA359A8497AA359A5EA8D6697AA359A5EA8D66817AA359A5EA8D6697AA359A5EA8D66817AA359A5EA8D6697AA359A5EA8D66817AA359A5EA8D66A8F34D13CD34509D2BBD56EB35623410EE2DD66AE79A689E69A21A45C6D9C0F16EB358AFD9951ACD4E98A68BC312810D35E76CCA8D66A91B36A359AD8AFD02F03E810D2086CCA8D66AE3766546B35377E813CCA04348A66CD1EE359AC865807BB759ACEF34D17BE69A21A5865940E2DD66AF36181C5BACD7BE69A279A6886950E6DD66BDBD56EB35479A689E69A21A577AA359A5EA8D66A8F34D13CD34434AEF546B34BD51ACD51E69A279A688695DEA8D6697AA359AA3CD344F34D10D2BBD51ACD2F546B35479A689E69A21A577AA359A5EA8D66A8F34D13CD34434FFD9, 'Authorized');
